2018.03.13,00:05,7690.20000,7698.20000,7690.00000,7693.00000,32
2018.03.13,00:06,7692.10000,7696.90000,7689.90000,7692.60000,35
2018.03.13,00:07,7692.60000,7692.60000,7684.90000,7689.00000,21
2018.03.13,00:08,7689.10000,7689.20000,7685.10000,7685.10000,13
2018.03.13,00:09,7685.10000,7685.10000,7678.10000,7678.20000,17
2018.03.13,00:10,7678.10000,7678.20000,7678.00000,7678.00000,12
2018.03.13,00:11,7678.00000,7678.00000,7663.00000,7664.10000,16
2018.03.13,00:12,7666.50000,7669.60000,7666.50000,7668.10000,20
2018.03.13,00:13,7668.00000,7671.90000,7668.00000,7671.90000,24
2018.03.13,00:14,7671.90000,7672.10000,7670.10000,7672.10000,30
2018.03.13,00:15,7672.30000,7679.70000,7672.30000,7679.70000,18
2018.03.13,00:16,7679.50000,7683.10000,7679.50000,7679.60000,15
2018.03.13,00:17,7679.60000,7679.70000,7679.50000,7679.70000,17
2018.03.13,00:18,7679.70000,7681.10000,7679.70000,7680.90000,26
2018.03.13,00:19,7679.70000,7684.00000,7679.70000,7683.10000,27
2018.03.13,00:20,7683.10000,7689.00000,7683.10000,7689.00000,31
2018.03.13,00:21,7690.00000,7694.90000,7689.10000,7694.90000,19
2018.03.13,00:22,7694.70000,7698.60000,7694.70000,7698.50000,19
2018.03.13,00:23,7698.60000,7711.10000,7698.60000,7711.10000,30
2018.03.13,00:24,7711.90000,7727.00000,7711.10000,7727.00000,25
2018.03.13,00:25,7727.00000,7727.00000,7714.10000,7718.30000,32
2018.03.13,00:26,7718.40000,7738.70000,7718.30000,7737.10000,36
2018.03.13,00:27,7739.70000,7758.50000,7738.90000,7758.50000,25
2018.03.13,00:28,7758.50000,7788.10000,7758.50000,7784.10000,45
2018.03.13,00:29,7784.00000,7843.30000,7784.00000,7843.20000,35
2018.03.13,00:30,7843.30000,7877.30000,7843.30000,7870.30000,48
2018.03.13,00:31,7873.30000,7878.80000,7843.50000,7865.70000,61
2018.03.13,00:32,7844.20000,7863.00000,7843.20000,7843.20000,41
2018.03.13,00:33,7839.40000,7839.40000,7803.10000,7817.80000,52
2018.03.13,00:34,7817.90000,7828.00000,7817.90000,7825.60000,31
2018.03.13,00:35,7831.50000,7837.90000,7824.00000,7824.10000,27
2018.03.13,00:36,7813.00000,7828.10000,7813.00000,7823.10000,45
2018.03.13,00:37,7823.10000,7827.60000,7823.00000,7823.10000,19
2018.03.13,00:38,7823.00000,7827.60000,7823.00000,7823.00000,33
2018.03.13,00:39,7823.30000,7829.00000,7823.30000,7829.00000,26
2018.03.13,00:40,7829.20000,7838.60000,7828.10000,7838.60000,22
2018.03.13,00:41,7838.60000,7838.60000,7830.90000,7831.70000,18
2018.03.13,00:42,7831.70000,7831.80000,7828.00000,7828.10000,33
2018.03.13,00:43,7828.20000,7831.70000,7828.20000,7831.40000,15
2018.03.13,00:44,7831.30000,7831.40000,7828.00000,7828.00000,20
2018.03.13,00:45,7828.10000,7831.50000,7828.00000,7829.40000,18
2018.03.13,00:46,7829.40000,7838.00000,7828.20000,7834.40000,31
2018.03.13,00:47,7828.20000,7834.40000,7828.20000,7830.50000,16
2018.03.13,00:48,7830.50000,7831.60000,7823.00000,7831.60000,35
2018.03.13,00:49,7831.60000,7831.70000,7822.00000,7825.40000,38
2018.03.13,00:50,7825.40000,7831.10000,7818.10000,7818.30000,35
2018.03.13,00:51,7820.00000,7820.40000,7813.00000,7813.00000,39
2018.03.13,00:52,7803.00000,7813.00000,7789.60000,7792.20000,22
2018.03.13,00:53,7792.20000,7792.20000,7774.10000,7780.00000,34
2018.03.13,00:54,7780.10000,7787.00000,7776.60000,7780.00000,52
2018.03.13,00:55,7778.00000,7780.20000,7778.00000,7778.10000,33
2018.03.13,00:56,7780.60000,7784.00000,7778.00000,7784.00000,32
2018.03.13,00:57,7783.10000,7789.60000,7782.10000,7788.20000,23
2018.03.13,00:58,7787.80000,7793.70000,7787.80000,7793.60000,29
2018.03.13,00:59,7793.60000,7804.00000,7793.60000,7804.00000,13
2018.03.13,01:00,7796.20000,7798.10000,7796.20000,7797.60000,23
2018.03.13,01:01,7805.50000,7810.60000,7796.20000,7805.60000,31
2018.03.13,01:02,7805.60000,7806.20000,7799.00000,7799.00000,28
2018.03.13,01:03,7799.00000,7799.00000,7779.60000,7780.10000,42
2018.03.13,01:04,7780.10000,7780.10000,7757.80000,7762.40000,44
2018.03.13,01:05,7762.30000,7767.00000,7757.80000,7757.80000,23
2018.03.13,01:06,7757.80000,7757.80000,7720.00000,7720.00000,44
2018.03.13,01:07,7724.90000,7734.00000,7718.00000,7729.30000,41
2018.03.13,01:08,7729.30000,7749.20000,7729.30000,7742.90000,47
2018.03.13,01:09,7735.60000,7744.40000,7733.00000,7743.10000,37
2018.03.13,01:10,7743.10000,7761.70000,7743.10000,7761.70000,33
2018.03.13,01:11,7768.40000,7773.50000,7750.30000,7752.10000,46
2018.03.13,01:12,7754.00000,7763.10000,7750.30000,7750.70000,29
2018.03.13,01:13,7750.50000,7760.70000,7750.50000,7760.70000,33
2018.03.13,01:14,7760.70000,7770.00000,7753.10000,7770.00000,43
2018.03.13,01:15,7767.50000,7770.20000,7767.30000,7768.70000,41
2018.03.13,01:16,7771.00000,7773.90000,7767.30000,7767.30000,24
2018.03.13,01:17,7767.30000,7767.40000,7748.20000,7748.20000,49
2018.03.13,01:18,7748.20000,7750.10000,7743.50000,7744.20000,22
2018.03.13,01:19,7744.10000,7744.10000,7738.00000,7738.10000,28
2018.03.13,01:20,7738.10000,7743.00000,7738.00000,7743.00000,10
2018.03.13,01:21,7743.10000,7749.00000,7743.00000,7748.20000,33
2018.03.13,01:22,7748.20000,7748.90000,7748.20000,7748.90000,17
2018.03.13,01:23,7749.00000,7749.10000,7748.20000,7748.70000,9
2018.03.13,01:24,7748.70000,7751.00000,7739.00000,7751.00000,38
2018.03.13,01:25,7751.00000,7751.00000,7749.00000,7749.00000,12
2018.03.13,01:26,7749.00000,7749.50000,7749.00000,7749.50000,25
2018.03.13,01:27,7750.90000,7757.10000,7749.50000,7757.10000,33
2018.03.13,01:28,7761.40000,7773.00000,7757.10000,7773.00000,20
2018.03.13,01:29,7773.00000,7773.10000,7765.10000,7765.10000,35
2018.03.13,01:30,7763.00000,7764.30000,7749.10000,7749.20000,41
2018.03.13,01:31,7751.50000,7776.00000,7749.20000,7768.70000,46
2018.03.13,01:32,7768.70000,7784.30000,7764.30000,7784.30000,28
2018.03.13,01:33,7784.40000,7787.00000,7775.00000,7787.00000,27
2018.03.13,01:34,7779.20000,7798.20000,7779.20000,7779.20000,37
2018.03.13,01:35,7779.20000,7794.00000,7779.20000,7793.00000,28
2018.03.13,01:36,7793.00000,7794.00000,7793.00000,7793.30000,24
2018.03.13,01:37,7793.40000,7797.20000,7779.30000,7782.10000,34
2018.03.13,01:38,7782.10000,7793.30000,7782.10000,7793.30000,32
2018.03.13,01:39,7793.00000,7795.30000,7793.00000,7794.00000,16
2018.03.13,01:40,7794.00000,7798.10000,7785.20000,7785.20000,33
2018.03.13,01:41,7785.20000,7785.20000,7776.00000,7778.80000,23
2018.03.13,01:42,7778.90000,7778.90000,7776.00000,7776.00000,4
2018.03.13,01:43,7778.90000,7780.10000,7772.80000,7775.00000,27
2018.03.13,01:44,7773.00000,7786.30000,7773.00000,7786.30000,22
2018.03.13,01:45,7779.00000,7786.30000,7778.40000,7786.10000,15
2018.03.13,01:46,7786.10000,7786.10000,7773.00000,7773.00000,26
2018.03.13,01:47,7773.00000,7779.40000,7772.70000,7775.00000,31
2018.03.13,01:48,7774.90000,7784.30000,7774.80000,7784.30000,45
2018.03.13,01:49,7784.30000,7794.20000,7784.30000,7794.10000,25
2018.03.13,01:50,7794.10000,7804.90000,7786.80000,7804.40000,31
2018.03.13,01:51,7802.20000,7804.50000,7795.80000,7803.40000,29
2018.03.13,01:52,7803.50000,7804.90000,7803.40000,7804.90000,5
2018.03.13,01:53,7803.80000,7812.90000,7803.60000,7812.90000,22
2018.03.13,01:54,7805.60000,7812.90000,7805.60000,7810.70000,25
2018.03.13,01:55,7810.80000,7819.60000,7810.80000,7815.30000,33
2018.03.13,01:56,7815.40000,7821.10000,7815.30000,7817.30000,21
2018.03.13,01:57,7818.80000,7821.20000,7817.20000,7821.20000,22
2018.03.13,01:58,7821.30000,7824.90000,7821.20000,7824.90000,26
2018.03.13,01:59,7821.20000,7828.10000,7821.20000,7828.00000,26
2018.03.13,02:00,7828.10000,7858.00000,7828.00000,7858.00000,37
2018.03.13,02:01,7856.00000,7857.00000,7831.00000,7843.30000,54
2018.03.13,02:02,7841.50000,7845.70000,7835.60000,7842.10000,34
2018.03.13,02:03,7841.20000,7841.20000,7821.10000,7821.10000,20
2018.03.13,02:04,7821.10000,7822.20000,7813.00000,7813.00000,36
2018.03.13,02:05,7813.00000,7818.40000,7805.60000,7817.20000,42
2018.03.13,02:06,7817.20000,7817.30000,7811.10000,7813.10000,34
2018.03.13,02:07,7813.10000,7823.10000,7805.40000,7823.10000,32
2018.03.13,02:08,7823.10000,7834.70000,7823.10000,7834.70000,42
2018.03.13,02:09,7832.00000,7837.90000,7817.80000,7817.80000,53
2018.03.13,02:10,7822.00000,7829.20000,7822.00000,7823.20000,27
2018.03.13,02:11,7822.20000,7824.50000,7822.10000,7824.20000,33
2018.03.13,02:12,7825.00000,7829.00000,7822.00000,7822.00000,24
2018.03.13,02:13,7822.00000,7823.10000,7820.10000,7820.10000,25
2018.03.13,02:14,7820.10000,7820.10000,7814.10000,7814.10000,22
2018.03.13,02:15,7814.10000,7814.10000,7798.40000,7810.70000,33
2018.03.13,02:16,7810.70000,7819.00000,7808.10000,7818.00000,48
2018.03.13,02:17,7818.10000,7818.20000,7808.10000,7811.00000,30
2018.03.13,02:18,7809.00000,7814.40000,7808.00000,7811.00000,35
2018.03.13,02:19,7810.10000,7817.00000,7810.10000,7816.10000,33
2018.03.13,02:20,7816.20000,7818.50000,7815.40000,7817.10000,31
2018.03.13,02:21,7816.10000,7826.70000,7815.60000,7825.70000,29
2018.03.13,02:22,7825.90000,7826.70000,7818.90000,7826.60000,30
2018.03.13,02:23,7830.10000,7834.30000,7826.40000,7834.30000,34
2018.03.13,02:24,7834.40000,7838.30000,7834.40000,7838.30000,7
2018.03.13,02:25,7838.40000,7847.30000,7838.40000,7847.30000,21
2018.03.13,02:26,7854.70000,7870.80000,7849.60000,7870.80000,29
2018.03.13,02:27,7870.80000,7870.80000,7845.80000,7845.90000,44
2018.03.13,02:28,7846.00000,7856.80000,7833.20000,7839.20000,50
2018.03.13,02:29,7840.70000,7846.00000,7838.00000,7846.00000,26
2018.03.13,02:30,7846.00000,7855.20000,7846.00000,7855.00000,28
2018.03.13,02:31,7855.00000,7859.00000,7846.00000,7859.00000,37
2018.03.13,02:32,7859.00000,7863.50000,7859.00000,7863.50000,32
2018.03.13,02:33,7863.60000,7873.10000,7863.50000,7873.10000,39
2018.03.13,02:34,7874.70000,7888.20000,7873.10000,7888.20000,30
2018.03.13,02:35,7889.40000,7922.90000,7888.20000,7922.80000,32
2018.03.13,02:36,7937.70000,7949.10000,7928.20000,7937.20000,47
2018.03.13,02:37,7937.00000,7937.00000,7908.90000,7912.90000,53
2018.03.13,02:38,7912.50000,7912.50000,7882.60000,7884.00000,45
2018.03.13,02:39,7884.00000,7884.00000,7859.00000,7883.00000,49
2018.03.13,02:40,7882.90000,7913.70000,7882.90000,7902.40000,38
2018.03.13,02:41,7902.20000,7912.30000,7887.00000,7887.00000,28
2018.03.13,02:42,7887.00000,7890.00000,7865.70000,7866.20000,40
2018.03.13,02:43,7866.40000,7866.40000,7843.00000,7843.20000,41
2018.03.13,02:44,7843.20000,7856.70000,7843.10000,7856.70000,50
2018.03.13,02:45,7856.90000,7863.50000,7856.90000,7863.50000,19
2018.03.13,02:46,7863.70000,7893.60000,7863.70000,7893.60000,41
2018.03.13,02:47,7888.60000,7888.60000,7876.00000,7876.00000,33
2018.03.13,02:48,7876.00000,7876.80000,7873.00000,7876.80000,54
2018.03.13,02:49,7876.90000,7876.90000,7874.70000,7876.10000,20
2018.03.13,02:50,7876.30000,7876.90000,7876.20000,7876.60000,21
2018.03.13,02:51,7876.90000,7881.00000,7873.00000,7873.30000,28
2018.03.13,02:52,7873.40000,7880.00000,7873.30000,7876.90000,21
2018.03.13,02:53,7879.10000,7887.80000,7879.10000,7885.50000,38
2018.03.13,02:54,7885.50000,7897.00000,7883.00000,7883.00000,55
2018.03.13,02:55,7888.00000,7888.00000,7877.30000,7887.90000,32
2018.03.13,02:56,7888.00000,7895.00000,7888.00000,7895.00000,32
2018.03.13,02:57,7894.90000,7896.10000,7894.90000,7895.10000,26
2018.03.13,02:58,7895.10000,7895.10000,7877.10000,7877.10000,35
2018.03.13,02:59,7877.20000,7882.70000,7877.20000,7880.70000,36
2018.03.13,03:00,7880.70000,7894.20000,7880.70000,7893.20000,37
2018.03.13,03:01,7893.20000,7912.90000,7893.20000,7912.90000,45
2018.03.13,03:02,7903.20000,7912.90000,7903.20000,7907.00000,34
2018.03.13,03:03,7907.00000,7912.90000,7907.00000,7912.00000,21
2018.03.13,03:04,7912.10000,7938.90000,7912.10000,7938.90000,40
2018.03.13,03:05,7938.90000,7939.60000,7923.40000,7924.60000,34
2018.03.13,03:06,7924.70000,7942.90000,7924.70000,7938.10000,21
2018.03.13,03:07,7938.10000,7942.90000,7938.00000,7941.80000,32
2018.03.13,03:08,7942.20000,7958.10000,7941.80000,7958.10000,23
2018.03.13,03:09,7953.30000,7958.40000,7946.40000,7958.20000,24
2018.03.13,03:10,7959.00000,7959.80000,7941.60000,7941.60000,28
2018.03.13,03:11,7941.60000,7941.60000,7931.80000,7933.20000,29
2018.03.13,03:12,7933.20000,7935.10000,7929.00000,7929.00000,38
2018.03.13,03:13,7929.00000,7932.20000,7919.90000,7919.90000,35
2018.03.13,03:14,7918.30000,7918.30000,7905.10000,7907.00000,40
2018.03.13,03:15,7907.10000,7921.80000,7907.00000,7921.70000,50
2018.03.13,03:16,7922.90000,7932.90000,7922.90000,7932.90000,15
2018.03.13,03:17,7933.00000,7937.00000,7933.00000,7936.80000,23
2018.03.13,03:18,7937.90000,7938.50000,7933.00000,7938.50000,29
2018.03.13,03:19,7938.60000,7938.60000,7933.00000,7934.40000,37
2018.03.13,03:20,7933.80000,7933.80000,7933.00000,7933.00000,19
2018.03.13,03:21,7929.00000,7929.00000,7918.00000,7918.20000,18
2018.03.13,03:22,7918.10000,7926.00000,7918.00000,7918.10000,27
2018.03.13,03:23,7918.10000,7918.10000,7891.00000,7905.00000,17
2018.03.13,03:24,7904.10000,7906.00000,7877.00000,7883.70000,48
2018.03.13,03:25,7888.90000,7908.20000,7888.90000,7897.80000,45
2018.03.13,03:26,7897.80000,7900.00000,7897.80000,7898.20000,17
2018.03.13,03:27,7898.20000,7916.50000,7898.20000,7916.50000,26
2018.03.13,03:28,7918.00000,7918.00000,7918.00000,7918.00000,1
2018.03.13,03:29,7918.00000,7918.10000,7916.50000,7916.60000,18
2018.03.13,03:30,7916.70000,7916.90000,7884.30000,7884.30000,33
2018.03.13,03:31,7888.60000,7892.40000,7888.60000,7892.40000,34
2018.03.13,03:32,7892.40000,7892.50000,7883.00000,7886.50000,41
2018.03.13,03:33,7886.50000,7893.00000,7885.10000,7893.00000,26
2018.03.13,03:34,7893.00000,7893.10000,7889.00000,7889.00000,28
2018.03.13,03:35,7889.00000,7889.00000,7863.00000,7863.00000,41
2018.03.13,03:36,7863.00000,7863.00000,7839.70000,7842.00000,41
2018.03.13,03:37,7841.10000,7841.10000,7815.00000,7823.00000,45
2018.03.13,03:38,7823.00000,7823.00000,7820.80000,7822.90000,38
2018.03.13,03:39,7822.90000,7848.40000,7822.90000,7848.40000,37
2018.03.13,03:40,7848.40000,7854.40000,7848.40000,7854.40000,42
2018.03.13,03:41,7854.40000,7859.70000,7853.90000,7855.20000,30
2018.03.13,03:42,7855.20000,7855.90000,7849.40000,7849.50000,51
2018.03.13,03:43,7847.40000,7849.50000,7832.10000,7833.10000,53
2018.03.13,03:44,7833.10000,7837.10000,7829.90000,7830.00000,40
2018.03.13,03:45,7830.00000,7830.00000,7814.00000,7814.00000,34
2018.03.13,03:46,7813.10000,7813.10000,7781.50000,7783.20000,44
2018.03.13,03:47,7781.30000,7803.80000,7781.30000,7803.70000,39
2018.03.13,03:48,7803.80000,7822.20000,7803.80000,7812.40000,42
2018.03.13,03:49,7812.40000,7837.90000,7812.40000,7837.90000,36
2018.03.13,03:50,7828.70000,7857.90000,7828.70000,7847.10000,46
2018.03.13,03:51,7850.80000,7856.60000,7846.30000,7848.30000,39
2018.03.13,03:52,7848.30000,7870.10000,7848.30000,7870.10000,37
2018.03.13,03:53,7870.10000,7876.20000,7869.70000,7872.00000,30
2018.03.13,03:54,7872.00000,7872.10000,7868.00000,7868.00000,22
2018.03.13,03:55,7868.10000,7868.40000,7863.10000,7863.10000,27
2018.03.13,03:56,7863.00000,7863.00000,7863.00000,7863.00000,8
2018.03.13,03:57,7863.00000,7863.00000,7863.00000,7863.00000,16
2018.03.13,03:58,7863.00000,7864.90000,7857.00000,7864.90000,15
2018.03.13,03:59,7860.70000,7864.90000,7860.70000,7860.70000,5
2018.03.13,04:00,7864.90000,7864.90000,7860.80000,7864.90000,8
2018.03.13,04:01,7864.90000,7865.10000,7855.30000,7855.30000,19
2018.03.13,04:02,7855.30000,7862.10000,7849.80000,7862.10000,28
2018.03.13,04:03,7862.10000,7862.20000,7853.70000,7856.30000,27
2018.03.13,04:04,7857.70000,7858.90000,7853.80000,7853.80000,49
2018.03.13,04:05,7853.80000,7856.00000,7853.80000,7853.90000,50
2018.03.13,04:06,7853.80000,7854.10000,7853.80000,7853.90000,10
2018.03.13,04:07,7854.00000,7854.20000,7853.80000,7853.80000,17
2018.03.13,04:08,7853.80000,7853.80000,7843.00000,7843.00000,21
2018.03.13,04:09,7843.00000,7843.00000,7829.80000,7829.80000,22
2018.03.13,04:10,7829.10000,7834.40000,7826.80000,7834.40000,31
2018.03.13,04:11,7832.20000,7834.40000,7832.20000,7834.40000,2
2018.03.13,04:12,7832.30000,7834.40000,7826.40000,7834.40000,40
2018.03.13,04:13,7834.50000,7847.70000,7834.40000,7847.70000,25
2018.03.13,04:14,7847.70000,7850.90000,7847.70000,7850.80000,20
2018.03.13,04:15,7848.50000,7854.70000,7842.40000,7842.40000,36
2018.03.13,04:16,7844.10000,7844.10000,7835.10000,7843.10000,39
2018.03.13,04:17,7843.80000,7843.80000,7835.70000,7836.30000,36
2018.03.13,04:18,7836.30000,7836.70000,7834.50000,7834.50000,34
2018.03.13,04:19,7834.50000,7834.60000,7828.00000,7828.00000,25
2018.03.13,04:20,7828.00000,7833.90000,7828.00000,7832.00000,41
2018.03.13,04:21,7830.40000,7832.40000,7826.00000,7826.00000,24
2018.03.13,04:22,7826.00000,7827.00000,7819.50000,7822.20000,33
2018.03.13,04:23,7822.30000,7822.30000,7822.20000,7822.30000,3
2018.03.13,04:24,7816.40000,7818.00000,7812.00000,7812.00000,14
2018.03.13,04:25,7812.00000,7822.90000,7802.60000,7822.90000,33
2018.03.13,04:26,7822.90000,7823.10000,7802.70000,7809.10000,36
2018.03.13,04:27,7809.10000,7813.30000,7802.10000,7802.10000,41
2018.03.13,04:28,7802.10000,7807.80000,7791.70000,7803.50000,41
2018.03.13,04:29,7803.60000,7803.60000,7794.20000,7796.10000,26
2018.03.13,04:30,7795.90000,7800.00000,7790.00000,7798.10000,51
2018.03.13,04:31,7796.30000,7798.30000,7784.30000,7798.30000,40
2018.03.13,04:32,7798.30000,7810.30000,7798.30000,7810.30000,24
2018.03.13,04:33,7810.40000,7814.60000,7810.30000,7813.30000,42
2018.03.13,04:34,7814.60000,7820.30000,7814.60000,7820.30000,42
2018.03.13,04:35,7820.30000,7821.50000,7807.30000,7819.10000,51
2018.03.13,04:36,7818.20000,7822.00000,7813.00000,7816.60000,44
2018.03.13,04:37,7816.60000,7818.80000,7803.80000,7811.00000,38
2018.03.13,04:38,7809.50000,7813.00000,7809.50000,7813.00000,36
2018.03.13,04:39,7813.00000,7817.30000,7813.00000,7813.50000,41
2018.03.13,04:40,7813.00000,7814.40000,7792.70000,7809.50000,15
2018.03.13,04:41,7803.10000,7809.50000,7801.70000,7801.70000,11
2018.03.13,04:42,7797.00000,7801.70000,7774.30000,7789.20000,28
2018.03.13,04:43,7789.30000,7798.50000,7789.30000,7798.50000,38
2018.03.13,04:44,7798.50000,7798.50000,7740.00000,7740.00000,60
2018.03.13,04:45,7740.10000,7765.30000,7740.00000,7752.50000,58
2018.03.13,04:46,7752.50000,7757.00000,7741.00000,7757.00000,53
2018.03.13,04:47,7757.00000,7757.00000,7740.00000,7740.00000,36
2018.03.13,04:48,7740.00000,7741.80000,7738.00000,7738.00000,26
2018.03.13,04:49,7733.00000,7733.00000,7704.00000,7709.90000,41
2018.03.13,04:50,7711.10000,7733.10000,7711.10000,7733.00000,37
2018.03.13,04:51,7733.10000,7746.20000,7733.00000,7746.20000,34
2018.03.13,04:52,7746.20000,7749.70000,7746.20000,7749.70000,42
2018.03.13,04:53,7749.80000,7758.50000,7749.70000,7757.00000,39
2018.03.13,04:54,7757.90000,7771.60000,7757.90000,7771.60000,54
2018.03.13,04:55,7771.70000,7773.80000,7771.60000,7771.70000,50
2018.03.13,04:56,7772.50000,7772.50000,7749.50000,7749.50000,41
2018.03.13,04:57,7751.30000,7754.30000,7751.30000,7753.40000,33
2018.03.13,04:58,7753.00000,7754.00000,7743.70000,7744.80000,40
2018.03.13,04:59,7744.90000,7756.70000,7744.90000,7756.70000,24
2018.03.13,05:00,7756.70000,7771.00000,7756.70000,7771.00000,44
2018.03.13,05:01,7771.00000,7771.00000,7763.10000,7770.40000,52
2018.03.13,05:02,7769.90000,7774.00000,7766.90000,7773.70000,36
2018.03.13,05:03,7773.80000,7787.20000,7773.80000,7787.20000,45
2018.03.13,05:04,7787.30000,7787.40000,7778.90000,7779.30000,48
2018.03.13,05:05,7778.90000,7779.30000,7770.50000,7770.50000,31
2018.03.13,05:06,7770.50000,7776.60000,7769.90000,7776.60000,31
2018.03.13,05:07,7776.60000,7783.80000,7770.00000,7783.80000,44
2018.03.13,05:08,7774.40000,7785.10000,7774.40000,7782.70000,27
2018.03.13,05:09,7781.20000,7786.00000,7781.20000,7783.00000,50
2018.03.13,05:10,7783.10000,7787.90000,7783.00000,7787.90000,40
2018.03.13,05:11,7787.90000,7803.00000,7787.90000,7791.70000,47
2018.03.13,05:12,7791.70000,7812.90000,7791.70000,7805.10000,37
2018.03.13,05:13,7805.60000,7812.90000,7805.10000,7808.50000,29
2018.03.13,05:14,7808.50000,7813.00000,7804.50000,7813.00000,43
2018.03.13,05:15,7809.10000,7817.90000,7805.00000,7805.00000,33
2018.03.13,05:16,7806.30000,7809.30000,7797.90000,7798.60000,57
2018.03.13,05:17,7798.60000,7812.70000,7797.10000,7812.70000,44
2018.03.13,05:18,7807.00000,7812.70000,7801.50000,7812.70000,27
2018.03.13,05:19,7805.70000,7812.70000,7805.60000,7812.20000,19
2018.03.13,05:20,7812.30000,7812.50000,7805.80000,7812.50000,36
2018.03.13,05:21,7812.60000,7816.00000,7807.90000,7815.00000,40
2018.03.13,05:22,7814.30000,7823.00000,7813.90000,7817.80000,57
2018.03.13,05:23,7823.10000,7833.10000,7817.80000,7824.20000,44
2018.03.13,05:24,7823.60000,7824.20000,7805.60000,7805.60000,29
2018.03.13,05:25,7805.60000,7805.60000,7796.90000,7797.80000,27
2018.03.13,05:26,7794.30000,7797.80000,7794.30000,7794.80000,34
2018.03.13,05:27,7794.90000,7796.00000,7794.20000,7795.90000,27
2018.03.13,05:28,7796.10000,7800.80000,7789.80000,7800.70000,46
2018.03.13,05:29,7800.80000,7804.00000,7800.70000,7801.20000,40
2018.03.13,05:30,7801.10000,7813.10000,7801.10000,7813.00000,18
2018.03.13,05:31,7813.10000,7817.90000,7813.10000,7817.90000,16
2018.03.13,05:32,7814.60000,7818.00000,7813.00000,7813.10000,27
2018.03.13,05:33,7813.20000,7823.00000,7806.70000,7806.70000,31
2018.03.13,05:34,7806.80000,7807.00000,7798.90000,7798.90000,51
2018.03.13,05:35,7798.90000,7800.40000,7792.00000,7800.40000,47
2018.03.13,05:36,7800.90000,7810.40000,7798.10000,7804.20000,25
2018.03.13,05:37,7804.20000,7811.50000,7804.20000,7805.90000,25
2018.03.13,05:38,7805.90000,7813.60000,7805.80000,7808.30000,28
2018.03.13,05:39,7808.10000,7811.90000,7808.10000,7811.90000,16
2018.03.13,05:40,7812.30000,7824.80000,7812.30000,7824.00000,28
2018.03.13,05:41,7824.10000,7825.50000,7820.40000,7825.50000,26
2018.03.13,05:42,7825.70000,7837.70000,7825.70000,7836.10000,51
2018.03.13,05:43,7834.20000,7834.80000,7824.50000,7827.90000,22
2018.03.13,05:44,7828.00000,7838.10000,7828.00000,7835.90000,26
2018.03.13,05:45,7835.90000,7855.00000,7827.90000,7854.00000,41
2018.03.13,05:46,7854.10000,7858.30000,7843.20000,7843.80000,38
2018.03.13,05:47,7851.00000,7851.00000,7836.10000,7836.20000,36
2018.03.13,05:48,7836.20000,7847.60000,7835.30000,7845.20000,47
2018.03.13,05:49,7845.30000,7849.70000,7845.30000,7849.50000,13
2018.03.13,05:50,7839.90000,7841.20000,7839.90000,7840.90000,30
2018.03.13,05:51,7840.90000,7841.60000,7835.00000,7835.00000,46
2018.03.13,05:52,7835.40000,7837.00000,7835.00000,7835.00000,33
2018.03.13,05:53,7835.40000,7840.90000,7835.00000,7837.10000,31
2018.03.13,05:54,7837.10000,7851.10000,7837.10000,7851.10000,36
2018.03.13,05:55,7852.20000,7852.60000,7840.60000,7847.30000,42
2018.03.13,05:56,7840.70000,7852.70000,7840.70000,7852.70000,17
2018.03.13,05:57,7841.10000,7842.20000,7841.10000,7842.20000,22
2018.03.13,05:58,7841.40000,7845.10000,7840.80000,7842.30000,21
2018.03.13,05:59,7837.20000,7841.00000,7835.60000,7839.60000,36
2018.03.13,06:00,7836.60000,7849.60000,7836.60000,7848.10000,35
2018.03.13,06:01,7848.20000,7852.00000,7848.10000,7850.50000,35
2018.03.13,06:02,7850.20000,7853.00000,7850.00000,7850.60000,33
2018.03.13,06:03,7852.00000,7863.10000,7850.60000,7863.10000,29
2018.03.13,06:04,7865.40000,7865.60000,7859.70000,7859.70000,22
2018.03.13,06:05,7851.80000,7853.70000,7842.30000,7842.30000,24
2018.03.13,06:06,7844.70000,7849.90000,7826.40000,7827.30000,47
2018.03.13,06:07,7827.30000,7838.00000,7827.30000,7829.70000,41
2018.03.13,06:08,7829.70000,7830.90000,7823.70000,7828.30000,32
2018.03.13,06:09,7823.70000,7835.20000,7823.70000,7835.10000,38
2018.03.13,06:10,7835.20000,7835.20000,7828.90000,7829.00000,31
2018.03.13,06:11,7829.00000,7829.40000,7829.00000,7829.40000,18
2018.03.13,06:12,7830.00000,7830.20000,7829.60000,7830.10000,22
2018.03.13,06:13,7830.20000,7832.40000,7828.90000,7829.20000,18
2018.03.13,06:14,7829.20000,7829.20000,7823.20000,7823.40000,26
2018.03.13,06:15,7823.20000,7823.20000,7803.90000,7812.30000,15
2018.03.13,06:16,7812.30000,7822.20000,7812.30000,7822.20000,32
2018.03.13,06:17,7822.20000,7822.20000,7821.20000,7821.20000,20
2018.03.13,06:18,7813.30000,7813.70000,7813.30000,7813.30000,15
2018.03.13,06:19,7813.30000,7816.00000,7808.20000,7809.30000,25
2018.03.13,06:20,7809.30000,7809.30000,7808.00000,7808.40000,26
2018.03.13,06:21,7808.50000,7810.40000,7808.20000,7810.20000,23
2018.03.13,06:22,7810.30000,7815.20000,7809.80000,7814.70000,45
2018.03.13,06:23,7814.80000,7819.10000,7814.60000,7819.00000,35
2018.03.13,06:24,7819.00000,7819.10000,7815.00000,7816.50000,31
2018.03.13,06:25,7816.50000,7816.60000,7816.00000,7816.00000,41
2018.03.13,06:26,7816.10000,7820.70000,7816.00000,7816.00000,23
2018.03.13,06:27,7816.00000,7819.90000,7813.00000,7813.00000,22
2018.03.13,06:28,7808.30000,7808.60000,7808.20000,7808.60000,17
2018.03.13,06:29,7808.20000,7808.60000,7808.20000,7808.20000,20
2018.03.13,06:30,7808.20000,7808.30000,7808.20000,7808.30000,20
2018.03.13,06:31,7808.40000,7812.90000,7808.30000,7808.30000,15
2018.03.13,06:32,7808.40000,7809.10000,7808.30000,7809.10000,27
2018.03.13,06:33,7809.10000,7821.20000,7809.10000,7821.20000,20
2018.03.13,06:34,7813.60000,7821.20000,7813.60000,7821.20000,2
2018.03.13,06:35,7821.20000,7821.70000,7821.10000,7821.70000,6
2018.03.13,06:36,7815.10000,7821.70000,7815.00000,7821.70000,14
2018.03.13,06:37,7821.80000,7821.90000,7821.80000,7821.90000,2
2018.03.13,06:40,7821.90000,7822.10000,7821.90000,7822.10000,17
2018.03.13,06:41,7822.10000,7822.20000,7821.30000,7822.20000,18
2018.03.13,06:42,7822.20000,7822.30000,7822.20000,7822.30000,20
2018.03.13,06:43,7822.30000,7822.30000,7812.20000,7822.10000,21
2018.03.13,06:44,7822.10000,7822.90000,7817.60000,7822.90000,11
2018.03.13,06:45,7812.20000,7819.20000,7812.20000,7819.20000,21
2018.03.13,06:46,7819.30000,7828.40000,7819.30000,7821.20000,25
2018.03.13,06:47,7821.20000,7821.20000,7808.20000,7808.20000,29
2018.03.13,06:48,7808.40000,7808.50000,7799.40000,7799.40000,35
2018.03.13,06:49,7799.40000,7807.00000,7799.00000,7807.00000,33
2018.03.13,06:50,7807.00000,7807.00000,7799.00000,7799.00000,20
2018.03.13,06:51,7799.00000,7799.00000,7797.00000,7797.00000,24
2018.03.13,06:52,7797.10000,7802.60000,7797.00000,7802.60000,35
2018.03.13,06:53,7802.60000,7802.70000,7799.50000,7802.70000,37
2018.03.13,06:54,7799.70000,7802.00000,7799.50000,7802.00000,26
2018.03.13,06:55,7802.00000,7806.40000,7802.00000,7806.40000,15
2018.03.13,06:56,7803.40000,7803.90000,7803.00000,7803.00000,22
2018.03.13,06:57,7803.00000,7803.20000,7803.00000,7803.00000,29
2018.03.13,06:59,7802.00000,7802.00000,7789.90000,7789.90000,9
2018.03.13,07:00,7789.90000,7791.30000,7785.20000,7789.80000,34
2018.03.13,07:01,7789.80000,7794.40000,7783.10000,7794.40000,27
2018.03.13,07:04,7786.70000,7786.70000,7774.10000,7782.20000,23
2018.03.13,07:05,7774.10000,7778.40000,7766.60000,7772.20000,25
2018.03.13,07:06,7772.20000,7776.60000,7772.20000,7776.60000,31
2018.03.13,07:07,7778.00000,7781.40000,7776.60000,7781.40000,26
2018.03.13,07:08,7781.50000,7781.50000,7781.40000,7781.40000,2
2018.03.13,07:09,7781.40000,7782.90000,7773.60000,7773.70000,34
2018.03.13,07:10,7773.70000,7786.80000,7773.70000,7782.00000,47
2018.03.13,07:11,7782.00000,7784.90000,7775.50000,7784.90000,25
2018.03.13,07:12,7775.70000,7785.30000,7774.50000,7785.30000,23
2018.03.13,07:13,7772.60000,7775.30000,7765.90000,7765.90000,26
2018.03.13,07:14,7766.00000,7769.60000,7759.00000,7769.50000,37
2018.03.13,07:15,7763.30000,7769.90000,7763.00000,7763.00000,30
2018.03.13,07:16,7763.00000,7767.50000,7763.00000,7767.50000,18
2018.03.13,07:17,7767.00000,7767.50000,7745.90000,7760.70000,38
2018.03.13,07:18,7760.70000,7773.60000,7760.70000,7773.60000,30
2018.03.13,07:19,7771.80000,7774.50000,7769.00000,7773.30000,35
2018.03.13,07:20,7772.90000,7773.20000,7768.30000,7770.90000,22
2018.03.13,07:21,7770.90000,7773.40000,7767.90000,7773.40000,20
2018.03.13,07:22,7773.20000,7783.00000,7773.20000,7783.00000,22
2018.03.13,07:23,7777.90000,7782.70000,7777.90000,7782.70000,20
2018.03.13,07:24,7782.70000,7784.70000,7782.70000,7782.70000,45
2018.03.13,07:25,7784.90000,7784.90000,7773.20000,7773.20000,20
2018.03.13,07:26,7773.20000,7778.50000,7773.20000,7778.50000,36
2018.03.13,07:27,7774.60000,7778.30000,7773.20000,7776.40000,42
2018.03.13,07:28,7774.10000,7776.90000,7774.00000,7774.00000,35
2018.03.13,07:29,7774.00000,7777.70000,7768.60000,7768.60000,30
2018.03.13,07:30,7770.20000,7773.00000,7768.60000,7771.00000,51
2018.03.13,07:31,7771.00000,7771.10000,7768.60000,7770.40000,4
2018.03.13,07:32,7770.50000,7770.50000,7768.40000,7768.50000,42
2018.03.13,07:33,7768.50000,7775.90000,7767.80000,7775.90000,36
2018.03.13,07:34,7776.00000,7776.70000,7771.40000,7776.60000,19
2018.03.13,07:35,7775.10000,7777.00000,7775.10000,7777.00000,11
2018.03.13,07:36,7779.10000,7779.20000,7777.20000,7779.20000,18
2018.03.13,07:37,7779.10000,7779.20000,7777.00000,7779.10000,12
2018.03.13,07:38,7779.00000,7779.10000,7776.80000,7776.80000,25
2018.03.13,07:39,7776.90000,7777.50000,7776.90000,7777.20000,30
2018.03.13,07:40,7777.40000,7782.70000,7777.40000,7782.70000,23
2018.03.13,07:41,7782.60000,7782.60000,7777.40000,7778.10000,25
2018.03.13,07:42,7778.20000,7782.70000,7778.10000,7782.70000,9
2018.03.13,07:43,7783.30000,7793.30000,7782.70000,7793.30000,16
2018.03.13,07:44,7793.30000,7793.60000,7790.00000,7791.30000,18
2018.03.13,07:45,7791.90000,7798.00000,7791.90000,7798.00000,21
2018.03.13,07:46,7798.00000,7800.70000,7798.00000,7798.00000,42
2018.03.13,07:47,7798.00000,7803.00000,7798.00000,7803.00000,25
2018.03.13,07:48,7792.90000,7795.70000,7792.90000,7792.90000,26
2018.03.13,07:49,7793.00000,7793.10000,7792.40000,7792.40000,23
2018.03.13,07:50,7792.40000,7792.50000,7792.40000,7792.50000,14
2018.03.13,07:51,7792.40000,7792.50000,7792.40000,7792.40000,14
2018.03.13,07:52,7792.40000,7793.50000,7792.40000,7793.20000,25
2018.03.13,07:53,7793.20000,7796.20000,7793.20000,7793.90000,35
2018.03.13,07:54,7793.90000,7796.10000,7793.90000,7793.90000,15
2018.03.13,07:55,7793.90000,7793.90000,7792.40000,7792.40000,9
2018.03.13,07:56,7792.40000,7792.50000,7792.40000,7792.40000,17
2018.03.13,07:57,7792.40000,7794.20000,7792.40000,7792.40000,38
2018.03.13,07:58,7785.10000,7788.60000,7785.10000,7785.40000,23
2018.03.13,07:59,7785.50000,7786.80000,7781.90000,7781.90000,22
2018.03.13,08:00,7781.90000,7782.60000,7781.90000,7782.40000,30
2018.03.13,08:01,7782.40000,7782.60000,7781.90000,7782.60000,26
2018.03.13,08:02,7782.60000,7783.50000,7782.50000,7783.50000,19
2018.03.13,08:03,7783.80000,7784.50000,7781.90000,7784.50000,12
2018.03.13,08:04,7782.40000,7784.50000,7781.90000,7783.40000,27
2018.03.13,08:05,7783.40000,7783.50000,7776.80000,7777.90000,29
2018.03.13,08:06,7778.30000,7778.30000,7768.60000,7768.60000,35
2018.03.13,08:07,7768.60000,7768.60000,7767.80000,7767.80000,44
2018.03.13,08:08,7767.80000,7769.80000,7764.90000,7766.10000,36
2018.03.13,08:09,7766.10000,7772.80000,7766.00000,7772.80000,21
2018.03.13,08:10,7771.00000,7771.30000,7771.00000,7771.00000,27
2018.03.13,08:11,7771.00000,7776.00000,7763.00000,7771.10000,38
2018.03.13,08:12,7771.10000,7793.00000,7771.10000,7793.00000,31
2018.03.13,08:13,7779.50000,7793.00000,7777.10000,7777.10000,41
2018.03.13,08:14,7777.10000,7777.80000,7777.10000,7777.40000,45
2018.03.13,08:15,7777.50000,7777.50000,7776.30000,7776.30000,30
2018.03.13,08:16,7776.30000,7776.30000,7759.20000,7766.40000,37
2018.03.13,08:17,7766.40000,7766.50000,7757.30000,7759.40000,48
2018.03.13,08:18,7759.40000,7760.60000,7753.00000,7753.10000,44
2018.03.13,08:19,7753.10000,7759.50000,7753.00000,7759.50000,46
2018.03.13,08:20,7759.60000,7759.60000,7744.30000,7755.50000,43
2018.03.13,08:21,7755.50000,7762.90000,7755.50000,7762.90000,31
2018.03.13,08:22,7765.90000,7766.50000,7765.90000,7765.90000,34
2018.03.13,08:23,7765.90000,7767.90000,7765.90000,7767.90000,42
2018.03.13,08:24,7767.90000,7770.00000,7765.90000,7766.20000,44
2018.03.13,08:25,7765.90000,7766.00000,7748.10000,7750.30000,46
2018.03.13,08:26,7754.70000,7755.30000,7734.30000,7734.60000,42
2018.03.13,08:27,7734.60000,7746.50000,7734.60000,7738.60000,47
2018.03.13,08:28,7738.70000,7741.60000,7734.20000,7734.20000,55
2018.03.13,08:29,7734.20000,7738.50000,7726.80000,7738.50000,32
2018.03.13,08:30,7738.30000,7754.70000,7738.30000,7751.50000,53
2018.03.13,08:31,7751.50000,7757.90000,7749.20000,7753.60000,47
2018.03.13,08:32,7756.70000,7759.00000,7753.70000,7758.40000,23
2018.03.13,08:33,7760.80000,7771.00000,7758.40000,7771.00000,40
2018.03.13,08:34,7771.10000,7772.90000,7771.10000,7772.90000,11
2018.03.13,08:35,7773.00000,7779.90000,7772.90000,7779.90000,22
2018.03.13,08:36,7780.00000,7786.30000,7779.90000,7782.90000,28
2018.03.13,08:37,7782.90000,7783.00000,7782.90000,7783.00000,27
2018.03.13,08:38,7783.00000,7784.10000,7782.90000,7782.90000,45
2018.03.13,08:39,7782.90000,7785.30000,7782.90000,7783.00000,32
2018.03.13,08:40,7783.00000,7789.90000,7783.00000,7789.80000,41
2018.03.13,08:41,7789.90000,7800.00000,7785.50000,7785.60000,30
2018.03.13,08:42,7785.60000,7785.70000,7783.00000,7784.00000,25
2018.03.13,08:43,7783.00000,7783.10000,7782.90000,7782.90000,35
2018.03.13,08:44,7782.90000,7783.80000,7782.90000,7783.10000,25
2018.03.13,08:45,7782.90000,7783.80000,7782.90000,7783.80000,19
2018.03.13,08:46,7783.20000,7783.80000,7777.70000,7781.40000,25
2018.03.13,08:47,7781.60000,7781.60000,7777.70000,7777.70000,11
2018.03.13,08:48,7783.10000,7783.10000,7777.70000,7781.50000,25
2018.03.13,08:49,7781.90000,7782.00000,7781.00000,7781.00000,11
2018.03.13,08:50,7781.00000,7781.40000,7781.00000,7781.00000,18
2018.03.13,08:51,7781.00000,7781.00000,7781.00000,7781.00000,10
2018.03.13,08:52,7781.00000,7781.10000,7781.00000,7781.00000,22
2018.03.13,08:53,7781.10000,7781.30000,7781.10000,7781.10000,5
2018.03.13,08:54,7781.10000,7781.90000,7781.00000,7781.90000,16
2018.03.13,08:55,7781.90000,7781.90000,7779.10000,7779.10000,24
2018.03.13,08:56,7779.10000,7779.10000,7775.30000,7775.50000,28
2018.03.13,08:57,7775.30000,7775.30000,7759.10000,7763.00000,41
2018.03.13,08:58,7763.00000,7763.20000,7759.10000,7763.00000,38
2018.03.13,08:59,7763.10000,7763.90000,7760.00000,7760.30000,33
2018.03.13,09:00,7760.30000,7761.10000,7756.50000,7756.50000,28
2018.03.13,09:01,7756.80000,7758.00000,7756.50000,7758.00000,38
2018.03.13,09:02,7758.00000,7766.90000,7758.00000,7766.90000,26
2018.03.13,09:03,7766.90000,7778.60000,7766.90000,7778.60000,35
2018.03.13,09:04,7778.70000,7794.00000,7778.70000,7793.60000,43
2018.03.13,09:05,7793.60000,7795.40000,7793.60000,7795.00000,35
2018.03.13,09:06,7794.90000,7801.10000,7794.90000,7800.20000,45
2018.03.13,09:07,7800.70000,7800.70000,7794.90000,7800.40000,45
2018.03.13,09:08,7804.60000,7824.90000,7804.60000,7822.00000,45
2018.03.13,09:09,7822.00000,7827.90000,7821.60000,7823.10000,40
2018.03.13,09:10,7824.00000,7837.30000,7824.00000,7837.30000,32
2018.03.13,09:11,7830.20000,7842.10000,7821.20000,7821.20000,42
2018.03.13,09:12,7822.30000,7822.50000,7815.10000,7815.10000,26
2018.03.13,09:13,7815.10000,7816.20000,7815.10000,7815.10000,33
2018.03.13,09:14,7815.10000,7815.10000,7804.40000,7811.50000,31
2018.03.13,09:15,7804.90000,7812.50000,7804.60000,7805.30000,25
2018.03.13,09:16,7804.90000,7806.70000,7798.40000,7798.40000,31
2018.03.13,09:17,7793.10000,7797.00000,7793.10000,7794.90000,31
2018.03.13,09:18,7788.00000,7788.60000,7779.40000,7781.70000,41
2018.03.13,09:19,7781.70000,7781.70000,7779.40000,7780.70000,19
2018.03.13,09:20,7783.90000,7787.70000,7783.90000,7787.70000,12
2018.03.13,09:21,7787.70000,7789.00000,7783.90000,7789.00000,17
2018.03.13,09:22,7789.30000,7789.30000,7789.00000,7789.30000,3
2018.03.13,09:23,7789.60000,7791.00000,7789.60000,7791.00000,25
2018.03.13,09:24,7790.90000,7791.10000,7790.90000,7790.90000,8
2018.03.13,09:25,7788.60000,7790.90000,7788.60000,7790.40000,34
2018.03.13,09:26,7790.50000,7790.90000,7790.40000,7790.40000,31
2018.03.13,09:27,7790.40000,7790.60000,7790.40000,7790.60000,12
2018.03.13,09:28,7790.40000,7790.40000,7788.60000,7788.90000,21
2018.03.13,09:29,7788.60000,7789.20000,7788.60000,7789.00000,15
2018.03.13,09:30,7789.00000,7789.00000,7777.20000,7779.10000,36
2018.03.13,09:31,7779.10000,7784.30000,7779.10000,7783.30000,42
2018.03.13,09:32,7783.90000,7786.20000,7783.90000,7786.20000,41
2018.03.13,09:33,7786.20000,7786.80000,7786.00000,7786.10000,27
2018.03.13,09:34,7786.10000,7789.40000,7786.10000,7786.20000,42
2018.03.13,09:35,7786.20000,7806.20000,7786.20000,7806.20000,48
2018.03.13,09:36,7806.00000,7806.70000,7800.40000,7802.90000,39
2018.03.13,09:37,7800.50000,7800.50000,7798.00000,7798.00000,14
2018.03.13,09:38,7795.10000,7798.00000,7792.30000,7792.30000,11
2018.03.13,09:39,7792.30000,7792.30000,7790.00000,7790.40000,31
2018.03.13,09:40,7790.40000,7790.50000,7790.00000,7790.00000,31
2018.03.13,09:41,7791.50000,7792.20000,7790.00000,7792.20000,34
2018.03.13,09:42,7792.20000,7792.20000,7790.60000,7791.30000,38
2018.03.13,09:43,7790.70000,7790.70000,7790.60000,7790.60000,21
2018.03.13,09:44,7790.00000,7790.10000,7790.00000,7790.10000,6
2018.03.13,09:45,7790.20000,7790.50000,7790.00000,7790.00000,21
2018.03.13,09:46,7790.30000,7790.30000,7790.00000,7790.00000,11
2018.03.13,09:47,7790.00000,7790.00000,7788.60000,7788.60000,12
2018.03.13,09:48,7788.60000,7789.90000,7788.60000,7789.80000,14
2018.03.13,09:49,7789.60000,7789.60000,7783.60000,7783.60000,32
2018.03.13,09:50,7783.60000,7783.60000,7775.80000,7775.80000,15
2018.03.13,09:51,7775.80000,7775.80000,7768.60000,7771.90000,44
2018.03.13,09:52,7768.60000,7772.70000,7768.60000,7771.60000,33
2018.03.13,09:53,7771.70000,7771.70000,7771.70000,7771.70000,1
2018.03.13,09:55,7771.70000,7779.10000,7771.70000,7775.60000,35
2018.03.13,09:56,7775.70000,7781.40000,7775.60000,7781.40000,49
2018.03.13,09:57,7780.60000,7789.90000,7780.60000,7783.10000,38
2018.03.13,09:58,7783.00000,7783.80000,7778.80000,7783.70000,25
2018.03.13,09:59,7778.80000,7783.90000,7778.80000,7783.90000,20
2018.03.13,10:00,7783.90000,7795.90000,7783.90000,7793.50000,38
2018.03.13,10:01,7793.70000,7801.30000,7793.50000,7793.70000,35
2018.03.13,10:02,7793.70000,7803.90000,7793.70000,7803.90000,47
2018.03.13,10:03,7803.00000,7815.20000,7803.00000,7815.20000,37
2018.03.13,10:04,7815.20000,7818.90000,7814.80000,7818.90000,37
2018.03.13,10:05,7819.30000,7845.80000,7819.30000,7828.10000,37
2018.03.13,10:06,7828.00000,7846.00000,7823.70000,7823.70000,37
2018.03.13,10:07,7825.10000,7831.30000,7825.10000,7828.50000,42
2018.03.13,10:08,7828.70000,7846.20000,7826.10000,7846.20000,31
2018.03.13,10:09,7843.50000,7843.50000,7838.00000,7838.80000,22
2018.03.13,10:10,7838.90000,7847.00000,7838.40000,7846.00000,24
2018.03.13,10:11,7855.40000,7855.40000,7841.20000,7841.20000,38
2018.03.13,10:12,7841.20000,7853.00000,7827.90000,7847.60000,34
2018.03.13,10:13,7832.50000,7837.20000,7827.10000,7827.10000,30
2018.03.13,10:14,7832.50000,7833.00000,7827.10000,7827.10000,46
2018.03.13,10:15,7827.10000,7827.30000,7827.10000,7827.10000,13
2018.03.13,10:16,7827.10000,7827.30000,7823.20000,7827.20000,26
2018.03.13,10:17,7823.30000,7843.00000,7823.30000,7836.10000,47
2018.03.13,10:18,7836.10000,7838.20000,7836.10000,7838.10000,30
2018.03.13,10:19,7838.40000,7840.60000,7838.00000,7840.60000,32
2018.03.13,10:20,7840.50000,7840.70000,7838.00000,7838.40000,40
2018.03.13,10:21,7838.10000,7852.10000,7838.10000,7852.00000,54
2018.03.13,10:22,7854.20000,7867.40000,7852.00000,7867.40000,33
2018.03.13,10:23,7867.40000,7881.10000,7858.10000,7881.10000,42
2018.03.13,10:24,7877.40000,7904.50000,7876.60000,7904.50000,43
2018.03.13,10:25,7904.50000,7928.10000,7904.50000,7913.80000,53
2018.03.13,10:26,7910.90000,7918.90000,7897.90000,7897.90000,43
2018.03.13,10:27,7897.90000,7897.90000,7891.00000,7891.00000,15
2018.03.13,10:28,7891.00000,7893.00000,7891.00000,7891.00000,10
2018.03.13,10:29,7891.00000,7894.10000,7891.00000,7892.50000,29
2018.03.13,10:30,7892.60000,7899.60000,7892.60000,7899.60000,31
2018.03.13,10:31,7899.00000,7899.70000,7891.30000,7891.30000,32
2018.03.13,10:32,7891.10000,7891.10000,7891.00000,7891.00000,13
2018.03.13,10:33,7890.90000,7890.90000,7881.00000,7881.00000,17
2018.03.13,10:34,7880.30000,7880.40000,7878.00000,7878.00000,18
2018.03.13,10:35,7880.50000,7890.80000,7880.40000,7890.50000,37
2018.03.13,10:36,7883.50000,7890.80000,7883.00000,7885.10000,36
2018.03.13,10:37,7885.00000,7885.20000,7883.00000,7883.00000,18
2018.03.13,10:38,7878.00000,7882.80000,7878.00000,7878.90000,28
2018.03.13,10:39,7878.10000,7904.60000,7876.30000,7898.40000,23
2018.03.13,10:40,7896.70000,7900.40000,7894.60000,7894.60000,38
2018.03.13,10:41,7894.60000,7896.60000,7894.60000,7894.60000,42
2018.03.13,10:42,7894.60000,7898.70000,7894.60000,7898.70000,32
2018.03.13,10:43,7898.20000,7907.70000,7898.20000,7907.70000,45
2018.03.13,10:44,7907.80000,7911.20000,7907.70000,7911.10000,28
2018.03.13,10:45,7911.20000,7937.90000,7911.20000,7937.90000,53
2018.03.13,10:46,7937.90000,7946.00000,7936.70000,7946.00000,33
2018.03.13,10:47,7947.10000,7981.50000,7947.10000,7981.50000,31
2018.03.13,10:48,7981.50000,8015.90000,7981.50000,8013.00000,49
2018.03.13,10:49,8013.00000,8013.00000,7969.10000,7970.00000,57
2018.03.13,10:50,7970.00000,7978.90000,7969.10000,7973.00000,39
2018.03.13,10:51,7973.00000,7976.30000,7964.00000,7964.10000,40
2018.03.13,10:52,7964.90000,7989.20000,7964.10000,7978.70000,39
2018.03.13,10:53,7989.40000,8020.20000,7989.40000,8020.20000,40
2018.03.13,10:54,8020.20000,8052.70000,8020.20000,8052.70000,52
2018.03.13,10:55,8048.40000,8129.70000,8048.40000,8127.20000,64
2018.03.13,10:56,8126.00000,8180.50000,8126.00000,8180.30000,46
2018.03.13,10:57,8165.00000,8174.70000,8120.50000,8123.60000,60
2018.03.13,10:58,8123.60000,8128.10000,8111.60000,8112.10000,40
2018.03.13,10:59,8104.90000,8112.00000,8071.90000,8080.20000,44
2018.03.13,11:00,8080.30000,8117.80000,8080.10000,8117.80000,47
2018.03.13,11:01,8112.90000,8117.80000,8090.40000,8108.80000,59
2018.03.13,11:02,8108.80000,8118.00000,8096.90000,8113.00000,43
2018.03.13,11:03,8113.00000,8117.10000,8096.70000,8103.40000,41
2018.03.13,11:04,8103.40000,8103.40000,8057.10000,8061.00000,60
2018.03.13,11:05,8050.10000,8085.10000,8050.10000,8085.10000,43
2018.03.13,11:06,8085.00000,8085.30000,8063.00000,8064.40000,36
2018.03.13,11:07,8063.00000,8064.90000,8050.20000,8053.00000,45
2018.03.13,11:08,8053.20000,8067.00000,8053.00000,8063.40000,24
2018.03.13,11:09,8063.40000,8082.50000,8048.30000,8051.80000,49
2018.03.13,11:10,8045.80000,8045.90000,8028.90000,8028.90000,27
2018.03.13,11:11,8029.50000,8045.20000,8029.10000,8037.70000,34
2018.03.13,11:12,8037.70000,8044.00000,8037.70000,8043.30000,25
2018.03.13,11:13,8042.40000,8072.00000,8042.40000,8071.20000,39
2018.03.13,11:14,8072.00000,8084.00000,8072.00000,8082.00000,29
2018.03.13,11:15,8080.00000,8080.00000,8054.90000,8064.00000,42
2018.03.13,11:16,8064.00000,8065.70000,8055.30000,8063.00000,31
2018.03.13,11:17,8063.00000,8063.00000,8060.10000,8060.10000,23
2018.03.13,11:18,8060.10000,8082.00000,8060.10000,8060.30000,18
2018.03.13,11:19,8064.00000,8064.00000,8060.10000,8060.10000,28
2018.03.13,11:20,8052.00000,8057.10000,8043.00000,8049.10000,22
2018.03.13,11:21,8046.30000,8049.20000,8046.30000,8048.20000,31
2018.03.13,11:22,8048.30000,8057.80000,8048.30000,8057.80000,15
2018.03.13,11:23,8057.80000,8057.80000,8044.00000,8052.90000,34
2018.03.13,11:24,8044.00000,8056.10000,8043.00000,8044.10000,40
2018.03.13,11:25,8048.70000,8051.70000,8042.00000,8051.70000,35
2018.03.13,11:26,8051.70000,8052.60000,8051.70000,8052.60000,9
2018.03.13,11:27,8052.50000,8054.10000,8051.70000,8054.10000,25
2018.03.13,11:28,8051.70000,8056.90000,8051.70000,8052.70000,28
2018.03.13,11:29,8052.50000,8066.50000,8052.50000,8064.10000,43
2018.03.13,11:30,8064.30000,8070.60000,8051.70000,8067.10000,30
2018.03.13,11:31,8068.00000,8072.10000,8060.00000,8063.10000,45
2018.03.13,11:32,8064.30000,8072.00000,8063.00000,8070.20000,29
2018.03.13,11:33,8070.20000,8072.00000,8063.00000,8066.70000,24
2018.03.13,11:34,8066.80000,8077.00000,8063.10000,8077.00000,33
2018.03.13,11:35,8077.00000,8087.80000,8071.70000,8087.80000,28
2018.03.13,11:36,8087.80000,8098.70000,8087.80000,8090.20000,38
2018.03.13,11:37,8090.30000,8111.40000,8090.10000,8111.30000,30
2018.03.13,11:38,8108.00000,8110.60000,8099.80000,8110.60000,48
2018.03.13,11:39,8110.60000,8111.00000,8095.90000,8097.40000,43
2018.03.13,11:40,8097.40000,8101.00000,8076.50000,8079.00000,45
2018.03.13,11:41,8079.10000,8086.80000,8073.40000,8077.00000,37
2018.03.13,11:42,8077.00000,8077.30000,8073.00000,8073.80000,37
2018.03.13,11:43,8075.00000,8090.00000,8073.90000,8075.40000,39
2018.03.13,11:44,8075.40000,8081.70000,8075.40000,8076.60000,29
2018.03.13,11:45,8076.60000,8087.50000,8075.40000,8087.20000,31
2018.03.13,11:46,8087.40000,8092.30000,8087.40000,8092.10000,22
2018.03.13,11:47,8087.10000,8092.00000,8087.10000,8092.00000,17
2018.03.13,11:48,8087.10000,8089.40000,8087.10000,8087.10000,18
2018.03.13,11:49,8087.10000,8087.20000,8087.10000,8087.10000,11
2018.03.13,11:51,8084.30000,8085.20000,8084.30000,8085.20000,4
2018.03.13,11:52,8084.90000,8085.60000,8070.20000,8075.80000,35
2018.03.13,11:53,8070.50000,8077.20000,8062.60000,8062.60000,36
2018.03.13,11:54,8063.80000,8071.00000,8063.80000,8064.20000,43
2018.03.13,11:55,8064.20000,8070.00000,8055.80000,8070.00000,43
2018.03.13,11:56,8070.00000,8070.00000,8061.80000,8062.00000,24
2018.03.13,11:57,8062.80000,8068.80000,8060.60000,8068.80000,26
2018.03.13,11:58,8075.10000,8085.80000,8075.10000,8085.80000,30
2018.03.13,11:59,8085.80000,8108.40000,8085.80000,8104.00000,27
2018.03.13,12:00,8104.00000,8110.80000,8094.20000,8100.20000,36
2018.03.13,12:01,8094.60000,8101.20000,8093.20000,8098.60000,40
2018.03.13,12:02,8099.00000,8109.90000,8098.60000,8109.90000,38
2018.03.13,12:03,8109.40000,8128.20000,8109.40000,8119.80000,30
2018.03.13,12:04,8120.90000,8135.00000,8119.70000,8135.00000,37
2018.03.13,12:05,8136.00000,8141.50000,8111.10000,8111.10000,47
2018.03.13,12:06,8111.30000,8112.70000,8111.00000,8111.00000,30
2018.03.13,12:07,8111.00000,8111.00000,8086.10000,8097.00000,32
2018.03.13,12:08,8097.10000,8099.00000,8084.10000,8084.20000,40
2018.03.13,12:09,8088.30000,8089.90000,8078.90000,8084.90000,49
2018.03.13,12:10,8086.00000,8089.30000,8078.80000,8089.30000,38
2018.03.13,12:11,8089.30000,8093.80000,8088.00000,8093.80000,22
2018.03.13,12:12,8093.80000,8100.80000,8088.60000,8094.00000,38
2018.03.13,12:13,8094.00000,8094.00000,8094.00000,8094.00000,3
2018.03.13,12:14,8095.00000,8095.20000,8095.00000,8095.00000,14
2018.03.13,12:15,8095.00000,8104.00000,8095.00000,8104.00000,20
2018.03.13,12:16,8104.00000,8107.10000,8104.00000,8107.10000,17
2018.03.13,12:17,8110.80000,8119.00000,8107.10000,8116.00000,45
2018.03.13,12:18,8116.00000,8128.10000,8115.00000,8115.00000,28
2018.03.13,12:19,8119.80000,8123.00000,8110.90000,8111.40000,53
2018.03.13,12:20,8113.00000,8123.00000,8113.00000,8121.00000,18
2018.03.13,12:21,8121.00000,8121.70000,8112.80000,8112.80000,27
2018.03.13,12:22,8118.50000,8134.00000,8112.80000,8134.00000,55
2018.03.13,12:23,8129.70000,8149.60000,8122.00000,8122.00000,36
2018.03.13,12:24,8122.30000,8128.90000,8111.00000,8118.40000,37
2018.03.13,12:25,8118.40000,8118.40000,8111.00000,8111.20000,24
2018.03.13,12:26,8111.30000,8114.00000,8111.10000,8112.30000,26
2018.03.13,12:27,8112.20000,8113.00000,8111.30000,8112.40000,31
2018.03.13,12:28,8113.00000,8114.70000,8111.30000,8111.30000,33
2018.03.13,12:29,8111.30000,8111.30000,8103.90000,8105.00000,33
2018.03.13,12:30,8105.10000,8110.00000,8103.90000,8106.00000,22
2018.03.13,12:31,8106.50000,8107.00000,8091.20000,8095.00000,29
2018.03.13,12:32,8094.00000,8095.60000,8077.10000,8077.10000,41
2018.03.13,12:33,8077.20000,8085.30000,8077.10000,8081.00000,35
2018.03.13,12:34,8072.10000,8081.00000,8072.10000,8072.10000,36
2018.03.13,12:35,8073.00000,8073.00000,8064.00000,8066.20000,32
2018.03.13,12:36,8066.50000,8072.00000,8057.20000,8069.80000,25
2018.03.13,12:37,8073.00000,8073.40000,8058.90000,8062.40000,43
2018.03.13,12:38,8062.40000,8071.90000,8061.80000,8063.80000,30
2018.03.13,12:39,8063.90000,8080.00000,8063.90000,8075.70000,35
2018.03.13,12:40,8075.70000,8077.10000,8064.20000,8064.70000,32
2018.03.13,12:41,8073.10000,8074.00000,8063.60000,8068.30000,22
2018.03.13,12:42,8068.30000,8073.00000,8068.20000,8073.00000,18
2018.03.13,12:43,8072.90000,8099.00000,8072.90000,8092.30000,43
2018.03.13,12:44,8098.00000,8098.00000,8076.30000,8087.10000,36
2018.03.13,12:45,8081.40000,8088.00000,8071.60000,8076.40000,43
2018.03.13,12:46,8076.50000,8078.80000,8071.50000,8071.70000,26
2018.03.13,12:47,8071.70000,8073.10000,8071.50000,8072.30000,32
2018.03.13,12:48,8072.30000,8072.30000,8057.00000,8057.10000,32
2018.03.13,12:49,8057.20000,8058.40000,8051.00000,8051.00000,37
2018.03.13,12:50,8051.00000,8051.30000,8044.90000,8044.90000,27
2018.03.13,12:51,8045.00000,8047.10000,8044.20000,8044.20000,32
2018.03.13,12:52,8044.80000,8065.10000,8044.20000,8065.10000,20
2018.03.13,12:53,8065.20000,8065.20000,8047.40000,8047.40000,30
2018.03.13,12:54,8059.00000,8059.00000,8041.00000,8042.10000,35
2018.03.13,12:55,8042.10000,8058.90000,8041.00000,8053.60000,47
2018.03.13,12:56,8053.60000,8053.60000,8042.40000,8051.50000,43
2018.03.13,12:57,8051.60000,8056.60000,8042.50000,8046.00000,24
2018.03.13,12:58,8044.80000,8045.20000,8042.50000,8042.60000,17
2018.03.13,12:59,8042.70000,8042.80000,8027.60000,8027.60000,30
2018.03.13,13:00,8027.60000,8042.90000,8027.30000,8042.90000,38
2018.03.13,13:01,8043.00000,8059.90000,8043.00000,8059.80000,43
2018.03.13,13:02,8059.80000,8070.00000,8059.80000,8070.00000,34
2018.03.13,13:03,8069.00000,8072.60000,8052.70000,8060.70000,25
2018.03.13,13:04,8060.80000,8061.00000,8051.90000,8056.10000,26
2018.03.13,13:05,8058.30000,8061.00000,8052.30000,8053.10000,28
2018.03.13,13:06,8052.30000,8061.00000,8052.30000,8061.00000,3
2018.03.13,13:07,8049.10000,8049.40000,8046.00000,8047.60000,41
2018.03.13,13:08,8047.70000,8053.40000,8046.10000,8047.10000,37
2018.03.13,13:09,8047.80000,8053.50000,8028.10000,8031.10000,44
2018.03.13,13:10,8031.10000,8031.20000,8002.10000,8002.10000,45
2018.03.13,13:11,7999.00000,8002.20000,7985.20000,7986.30000,29
2018.03.13,13:12,7988.70000,7994.70000,7978.90000,7994.70000,35
2018.03.13,13:13,7994.10000,8015.70000,7994.10000,8015.70000,31
2018.03.13,13:14,8008.30000,8029.00000,8008.10000,8029.00000,49
2018.03.13,13:15,8024.80000,8027.00000,7999.00000,7999.40000,39
2018.03.13,13:16,7999.40000,8014.80000,7999.40000,8014.80000,38
2018.03.13,13:17,8014.80000,8017.20000,8008.10000,8013.70000,44
2018.03.13,13:18,8016.50000,8021.20000,8014.00000,8021.20000,47
2018.03.13,13:19,8026.00000,8030.30000,8021.20000,8030.30000,26
2018.03.13,13:20,8026.60000,8030.00000,8026.60000,8029.30000,30
2018.03.13,13:21,8023.90000,8024.20000,8018.80000,8021.20000,23
2018.03.13,13:22,8019.10000,8020.50000,8019.00000,8020.50000,29
2018.03.13,13:23,8020.10000,8021.90000,8020.10000,8020.90000,18
2018.03.13,13:24,8023.00000,8030.10000,8023.00000,8030.10000,23
2018.03.13,13:25,8028.50000,8030.10000,8028.50000,8028.80000,5
2018.03.13,13:26,8029.00000,8029.40000,8019.80000,8023.60000,36
2018.03.13,13:27,8023.70000,8024.20000,8011.40000,8019.60000,34
2018.03.13,13:28,8020.20000,8029.80000,8019.60000,8022.60000,44
2018.03.13,13:29,8022.60000,8030.90000,8022.60000,8030.80000,24
2018.03.13,13:30,8030.80000,8030.90000,8029.80000,8030.80000,29
2018.03.13,13:31,8030.80000,8030.90000,8027.20000,8027.90000,24
2018.03.13,13:32,8028.10000,8036.10000,8027.20000,8036.10000,14
2018.03.13,13:33,8031.00000,8050.20000,8031.00000,8040.70000,53
2018.03.13,13:34,8040.70000,8045.80000,8039.20000,8045.80000,34
2018.03.13,13:35,8045.70000,8045.70000,8040.50000,8041.30000,38
2018.03.13,13:36,8042.40000,8046.10000,8041.30000,8042.60000,24
2018.03.13,13:37,8042.60000,8047.60000,8040.50000,8046.20000,37
2018.03.13,13:38,8046.20000,8056.70000,8046.20000,8055.70000,26
2018.03.13,13:39,8055.70000,8055.70000,8045.30000,8045.30000,12
2018.03.13,13:40,8040.30000,8040.30000,8038.10000,8039.00000,9
2018.03.13,13:41,8038.60000,8040.20000,8038.60000,8040.20000,30
2018.03.13,13:42,8040.30000,8040.40000,8040.10000,8040.30000,26
2018.03.13,13:43,8040.30000,8052.30000,8040.30000,8045.60000,13
2018.03.13,13:44,8045.70000,8059.90000,8045.70000,8059.90000,28
2018.03.13,13:45,8059.80000,8059.90000,8054.40000,8056.60000,32
2018.03.13,13:46,8058.80000,8059.80000,8058.80000,8058.80000,19
2018.03.13,13:47,8058.90000,8059.90000,8058.80000,8058.80000,22
2018.03.13,13:48,8051.90000,8053.30000,8042.10000,8052.40000,18
2018.03.13,13:49,8052.50000,8054.00000,8052.00000,8052.00000,29
2018.03.13,13:50,8052.00000,8052.00000,8052.00000,8052.00000,7
2018.03.13,13:51,8044.90000,8046.30000,8044.90000,8046.30000,14
2018.03.13,13:52,8046.20000,8046.20000,8038.20000,8041.60000,31
2018.03.13,13:53,8041.70000,8055.00000,8041.60000,8055.00000,39
2018.03.13,13:54,8056.00000,8058.80000,8048.60000,8055.40000,43
2018.03.13,13:55,8055.40000,8055.40000,8055.40000,8055.40000,8
2018.03.13,13:56,8050.00000,8051.00000,8050.00000,8051.00000,12
2018.03.13,13:57,8051.10000,8058.10000,8050.50000,8052.70000,38
2018.03.13,13:58,8052.50000,8054.10000,8052.50000,8053.10000,43
2018.03.13,13:59,8055.10000,8055.10000,8050.00000,8050.00000,20
2018.03.13,14:00,8050.00000,8050.00000,8038.20000,8038.70000,21
2018.03.13,14:01,8038.80000,8052.60000,8038.80000,8052.60000,30
2018.03.13,14:02,8052.60000,8052.60000,8047.10000,8052.60000,40
2018.03.13,14:03,8052.60000,8053.70000,8048.70000,8048.70000,30
2018.03.13,14:04,8048.70000,8048.70000,8026.90000,8029.20000,23
2018.03.13,14:05,8026.90000,8030.90000,8026.90000,8030.90000,9
2018.03.13,14:06,8030.90000,8040.00000,8030.90000,8039.20000,18
2018.03.13,14:07,8039.10000,8047.80000,8033.50000,8047.80000,44
2018.03.13,14:08,8047.90000,8059.10000,8047.90000,8059.10000,28
2018.03.13,14:09,8059.20000,8065.00000,8058.60000,8062.10000,35
2018.03.13,14:10,8061.90000,8079.40000,8061.90000,8078.40000,49
2018.03.13,14:11,8078.40000,8095.20000,8078.40000,8095.20000,38
2018.03.13,14:12,8095.20000,8096.20000,8091.90000,8093.00000,36
2018.03.13,14:13,8096.10000,8096.10000,8082.00000,8084.40000,41
2018.03.13,14:14,8084.50000,8088.40000,8075.80000,8085.00000,44
2018.03.13,14:15,8085.00000,8092.60000,8073.20000,8078.20000,36
2018.03.13,14:16,8078.20000,8079.80000,8069.60000,8073.00000,41
2018.03.13,14:17,8073.10000,8081.10000,8069.60000,8073.50000,39
2018.03.13,14:18,8069.60000,8094.00000,8069.60000,8092.10000,36
2018.03.13,14:19,8094.90000,8095.90000,8094.90000,8095.90000,9
2018.03.13,14:20,8095.00000,8095.90000,8095.00000,8095.90000,6
2018.03.13,14:22,8096.10000,8105.00000,8096.10000,8105.00000,17
2018.03.13,14:23,8105.00000,8105.00000,8084.30000,8088.30000,51
2018.03.13,14:24,8088.30000,8090.70000,8069.10000,8077.90000,41
2018.03.13,14:25,8077.90000,8092.00000,8077.90000,8092.00000,21
2018.03.13,14:26,8074.80000,8087.30000,8073.70000,8087.30000,47
2018.03.13,14:27,8087.30000,8096.00000,8085.90000,8096.00000,43
2018.03.13,14:28,8096.00000,8096.40000,8082.10000,8083.00000,24
2018.03.13,14:29,8082.00000,8082.00000,8074.00000,8076.30000,41
2018.03.13,14:30,8076.30000,8076.30000,8064.50000,8065.10000,50
2018.03.13,14:31,8072.90000,8072.90000,8066.00000,8066.00000,34
2018.03.13,14:32,8066.00000,8068.40000,8066.00000,8066.10000,32
2018.03.13,14:33,8066.20000,8067.30000,8066.10000,8067.30000,29
2018.03.13,14:34,8067.30000,8082.80000,8067.30000,8074.50000,47
2018.03.13,14:35,8074.70000,8084.70000,8074.50000,8084.70000,28
2018.03.13,14:36,8084.70000,8084.70000,8074.50000,8080.50000,32
2018.03.13,14:37,8080.40000,8082.90000,8071.30000,8082.70000,22
2018.03.13,14:38,8082.70000,8087.40000,8082.70000,8087.40000,18
2018.03.13,14:39,8087.30000,8090.70000,8078.90000,8079.00000,22
2018.03.13,14:40,8079.00000,8080.90000,8078.90000,8079.40000,36
2018.03.13,14:41,8079.40000,8081.50000,8078.90000,8078.90000,19
2018.03.13,14:42,8070.10000,8072.70000,8069.50000,8072.60000,39
2018.03.13,14:43,8071.80000,8077.80000,8071.80000,8077.80000,18
2018.03.13,14:44,8077.80000,8091.60000,8077.80000,8087.20000,44
2018.03.13,14:45,8087.30000,8095.90000,8087.30000,8095.90000,21
2018.03.13,14:46,8092.20000,8095.90000,8086.00000,8089.00000,30
2018.03.13,14:47,8089.40000,8090.40000,8075.60000,8075.60000,48
2018.03.13,14:48,8075.60000,8088.80000,8075.60000,8083.70000,37
2018.03.13,14:49,8083.70000,8089.50000,8076.10000,8089.50000,37
2018.03.13,14:50,8089.50000,8089.50000,8077.20000,8081.00000,22
2018.03.13,14:51,8081.00000,8081.40000,8081.00000,8081.00000,15
2018.03.13,14:52,8081.00000,8081.10000,8081.00000,8081.00000,13
2018.03.13,14:53,8073.00000,8081.00000,8069.50000,8069.50000,13
2018.03.13,14:54,8069.70000,8069.70000,8061.00000,8061.30000,25
2018.03.13,14:55,8061.30000,8061.30000,8038.60000,8044.30000,30
2018.03.13,14:56,8045.80000,8051.50000,8045.80000,8051.50000,25
2018.03.13,14:57,8054.90000,8056.00000,8051.30000,8054.10000,35
2018.03.13,14:58,8054.10000,8056.20000,8054.10000,8056.10000,28
2018.03.13,14:59,8058.90000,8058.90000,8051.10000,8051.70000,30
2018.03.13,15:00,8051.70000,8053.10000,8046.00000,8049.80000,43
2018.03.13,15:01,8049.90000,8060.90000,8049.90000,8060.90000,19
2018.03.13,15:02,8062.40000,8075.90000,8060.90000,8075.90000,10
2018.03.13,15:03,8076.00000,8081.50000,8075.20000,8075.90000,42
2018.03.13,15:04,8076.00000,8076.50000,8069.00000,8071.50000,39
2018.03.13,15:05,8071.60000,8076.70000,8067.80000,8076.70000,29
2018.03.13,15:06,8067.80000,8076.70000,8067.80000,8072.20000,44
2018.03.13,15:07,8072.20000,8076.60000,8071.00000,8071.00000,28
2018.03.13,15:08,8067.80000,8069.70000,8067.80000,8069.70000,10
2018.03.13,15:09,8069.80000,8071.50000,8067.80000,8069.70000,39
2018.03.13,15:10,8067.80000,8071.60000,8067.80000,8071.60000,51
2018.03.13,15:11,8071.60000,8071.60000,8061.10000,8063.20000,21
2018.03.13,15:12,8069.30000,8069.90000,8063.30000,8065.90000,35
2018.03.13,15:13,8066.00000,8068.70000,8066.00000,8068.70000,29
2018.03.13,15:14,8068.70000,8077.80000,8068.70000,8077.00000,41
2018.03.13,15:15,8077.60000,8085.00000,8069.80000,8080.20000,31
2018.03.13,15:16,8081.20000,8094.00000,8081.20000,8093.30000,31
2018.03.13,15:17,8093.30000,8096.00000,8086.90000,8096.00000,32
2018.03.13,15:18,8096.70000,8116.10000,8096.70000,8106.90000,43
2018.03.13,15:19,8106.90000,8107.00000,8101.10000,8101.50000,31
2018.03.13,15:20,8106.30000,8106.90000,8096.70000,8106.90000,42
2018.03.13,15:21,8096.20000,8102.50000,8096.20000,8102.50000,36
2018.03.13,15:22,8101.00000,8102.00000,8078.80000,8081.40000,33
2018.03.13,15:23,8083.20000,8086.80000,8083.20000,8086.80000,26
2018.03.13,15:24,8086.80000,8088.80000,8081.20000,8087.60000,26
2018.03.13,15:25,8083.70000,8088.70000,8081.20000,8088.70000,34
2018.03.13,15:26,8088.70000,8088.70000,8073.60000,8080.20000,34
2018.03.13,15:27,8080.30000,8080.30000,8074.10000,8075.80000,33
2018.03.13,15:28,8076.90000,8084.00000,8076.90000,8080.50000,42
2018.03.13,15:29,8080.40000,8084.90000,8080.40000,8084.90000,32
2018.03.13,15:30,8085.00000,8085.20000,8081.00000,8082.70000,20
2018.03.13,15:31,8082.60000,8088.70000,8082.60000,8083.60000,23
2018.03.13,15:32,8084.30000,8094.00000,8084.30000,8092.00000,21
2018.03.13,15:33,8090.40000,8104.50000,8090.40000,8104.20000,40
2018.03.13,15:34,8104.80000,8116.70000,8104.20000,8116.70000,35
2018.03.13,15:35,8117.70000,8118.70000,8117.70000,8117.70000,17
2018.03.13,15:36,8118.00000,8160.40000,8118.00000,8151.10000,51
2018.03.13,15:37,8151.10000,8151.20000,8132.60000,8138.10000,57
2018.03.13,15:38,8138.40000,8138.40000,8121.80000,8122.00000,39
2018.03.13,15:39,8122.10000,8130.00000,8118.60000,8118.70000,19
2018.03.13,15:40,8118.80000,8126.70000,8118.80000,8126.40000,44
2018.03.13,15:41,8126.40000,8128.90000,8126.40000,8128.90000,9
2018.03.13,15:42,8126.60000,8142.70000,8126.60000,8142.70000,19
2018.03.13,15:43,8142.80000,8158.00000,8142.80000,8158.00000,33
2018.03.13,15:44,8158.20000,8158.90000,8158.00000,8158.30000,25
2018.03.13,15:45,8158.30000,8158.60000,8141.50000,8141.60000,24
2018.03.13,15:46,8141.60000,8144.80000,8133.40000,8136.10000,48
2018.03.13,15:47,8136.10000,8157.90000,8136.00000,8157.90000,27
2018.03.13,15:48,8157.20000,8157.80000,8141.60000,8142.90000,45
2018.03.13,15:49,8155.80000,8157.70000,8144.00000,8148.40000,48
2018.03.13,15:50,8148.40000,8150.20000,8141.10000,8150.20000,31
2018.03.13,15:51,8149.20000,8154.70000,8149.10000,8154.70000,35
2018.03.13,15:52,8154.70000,8186.20000,8151.00000,8178.20000,39
2018.03.13,15:53,8178.30000,8199.60000,8176.00000,8176.20000,47
2018.03.13,15:54,8176.20000,8190.20000,8176.20000,8190.10000,31
2018.03.13,15:55,8190.10000,8190.10000,8176.00000,8176.00000,31
2018.03.13,15:56,8171.20000,8188.00000,8171.20000,8171.70000,32
2018.03.13,15:57,8171.30000,8172.20000,8156.40000,8167.20000,32
2018.03.13,15:58,8167.20000,8171.70000,8153.20000,8153.20000,46
2018.03.13,15:59,8156.40000,8162.50000,8153.20000,8162.50000,30
2018.03.13,16:00,8162.40000,8177.90000,8162.40000,8176.70000,30
2018.03.13,16:01,8170.10000,8176.70000,8153.60000,8153.60000,40
2018.03.13,16:02,8151.20000,8151.20000,8123.70000,8134.20000,36
2018.03.13,16:03,8135.00000,8135.00000,8121.00000,8121.00000,47
2018.03.13,16:04,8121.00000,8125.10000,8121.00000,8121.00000,23
2018.03.13,16:05,8121.00000,8122.10000,8121.00000,8121.00000,18
2018.03.13,16:06,8121.00000,8130.10000,8116.00000,8130.10000,42
2018.03.13,16:07,8131.00000,8133.80000,8131.00000,8131.10000,34
2018.03.13,16:08,8131.50000,8136.30000,8131.50000,8136.10000,20
2018.03.13,16:09,8136.10000,8144.90000,8136.00000,8138.20000,32
2018.03.13,16:10,8138.40000,8149.90000,8136.00000,8136.30000,27
2018.03.13,16:11,8136.30000,8136.30000,8131.00000,8131.30000,28
2018.03.13,16:12,8131.40000,8139.30000,8131.40000,8136.30000,32
2018.03.13,16:13,8136.40000,8139.00000,8133.20000,8139.00000,35
2018.03.13,16:14,8139.00000,8141.60000,8139.00000,8141.60000,30
2018.03.13,16:15,8141.60000,8143.60000,8139.10000,8140.10000,24
2018.03.13,16:16,8139.10000,8145.90000,8139.10000,8144.40000,35
2018.03.13,16:17,8143.40000,8150.00000,8143.40000,8150.00000,42
2018.03.13,16:18,8151.00000,8156.50000,8149.50000,8156.50000,51
2018.03.13,16:19,8157.10000,8157.30000,8149.50000,8152.80000,35
2018.03.13,16:20,8150.20000,8160.00000,8150.20000,8157.60000,33
2018.03.13,16:21,8159.10000,8172.40000,8158.50000,8171.00000,46
2018.03.13,16:22,8173.00000,8174.80000,8166.40000,8170.10000,41
2018.03.13,16:23,8173.60000,8180.70000,8160.10000,8160.10000,41
2018.03.13,16:24,8158.50000,8161.90000,8150.40000,8161.90000,35
2018.03.13,16:25,8158.60000,8161.00000,8150.60000,8161.00000,21
2018.03.13,16:26,8160.10000,8161.00000,8150.70000,8150.80000,30
2018.03.13,16:27,8149.50000,8159.70000,8149.50000,8149.60000,18
2018.03.13,16:28,8150.70000,8160.10000,8143.70000,8149.50000,33
2018.03.13,16:29,8150.30000,8163.00000,8139.10000,8157.40000,40
2018.03.13,16:30,8157.50000,8166.60000,8157.40000,8164.10000,33
2018.03.13,16:31,8164.10000,8165.20000,8163.00000,8165.20000,28
2018.03.13,16:32,8165.20000,8166.20000,8163.00000,8164.30000,30
2018.03.13,16:33,8164.30000,8170.00000,8164.10000,8165.50000,35
2018.03.13,16:34,8166.00000,8178.50000,8166.00000,8176.70000,17
2018.03.13,16:35,8176.10000,8176.70000,8167.80000,8167.80000,30
2018.03.13,16:36,8167.80000,8168.10000,8166.00000,8168.10000,31
2018.03.13,16:37,8166.00000,8168.10000,8159.70000,8159.70000,25
2018.03.13,16:38,8159.70000,8159.70000,8156.00000,8158.00000,33
2018.03.13,16:39,8158.00000,8158.00000,8139.10000,8147.50000,23
2018.03.13,16:40,8147.60000,8148.50000,8147.50000,8147.50000,27
2018.03.13,16:41,8139.30000,8147.50000,8139.00000,8140.00000,41
2018.03.13,16:42,8139.90000,8140.30000,8121.70000,8124.00000,38
2018.03.13,16:43,8124.10000,8126.60000,8123.00000,8123.10000,28
2018.03.13,16:44,8123.10000,8123.10000,8106.00000,8112.40000,36
2018.03.13,16:45,8106.00000,8109.50000,8067.00000,8067.00000,38
2018.03.13,16:46,8066.90000,8079.30000,8061.00000,8062.10000,48
2018.03.13,16:47,8061.10000,8061.10000,8020.00000,8020.00000,43
2018.03.13,16:48,8013.80000,8027.80000,7997.30000,8027.00000,48
2018.03.13,16:49,8025.70000,8028.30000,8020.00000,8025.00000,43
2018.03.13,16:50,8025.10000,8048.10000,8025.00000,8045.20000,45
2018.03.13,16:51,8047.00000,8051.10000,8042.60000,8042.60000,42
2018.03.13,16:52,8042.60000,8042.70000,8030.10000,8030.20000,38
2018.03.13,16:53,8030.20000,8030.30000,8020.90000,8027.00000,35
2018.03.13,16:54,8026.80000,8041.30000,8026.70000,8037.70000,35
2018.03.13,16:55,8038.00000,8047.00000,8037.70000,8046.10000,32
2018.03.13,16:56,8046.20000,8049.70000,8046.10000,8048.00000,23
2018.03.13,16:57,8047.10000,8060.90000,8047.10000,8060.90000,24
2018.03.13,16:58,8061.70000,8069.80000,8056.20000,8061.90000,48
2018.03.13,16:59,8062.00000,8068.00000,8061.90000,8067.40000,17
2018.03.13,17:00,8068.10000,8079.00000,8067.40000,8079.00000,13
2018.03.13,17:01,8081.00000,8092.00000,8081.00000,8091.60000,27
2018.03.13,17:02,8091.60000,8091.60000,8091.60000,8091.60000,3
2018.03.13,17:03,8091.70000,8092.00000,8077.30000,8077.30000,32
2018.03.13,17:04,8078.00000,8078.00000,8060.70000,8061.90000,39
2018.03.13,17:05,8068.50000,8068.60000,8052.60000,8052.60000,47
2018.03.13,17:06,8058.60000,8058.60000,8048.00000,8056.20000,42
2018.03.13,17:07,8056.20000,8058.60000,8048.20000,8048.30000,21
2018.03.13,17:08,8048.30000,8048.60000,8041.50000,8046.80000,27
2018.03.13,17:09,8047.00000,8047.00000,8036.80000,8042.30000,27
2018.03.13,17:10,8034.70000,8036.60000,8029.20000,8029.30000,26
2018.03.13,17:11,8029.30000,8051.10000,8025.10000,8048.00000,31
2018.03.13,17:12,8056.20000,8061.80000,8052.00000,8061.80000,33
2018.03.13,17:13,8063.30000,8068.90000,8061.80000,8061.80000,39
2018.03.13,17:14,8061.80000,8061.80000,8043.00000,8049.20000,49
2018.03.13,17:15,8045.50000,8049.20000,8036.00000,8048.10000,51
2018.03.13,17:16,8041.10000,8056.50000,8041.10000,8054.40000,25
2018.03.13,17:17,8056.50000,8056.50000,8046.60000,8054.10000,47
2018.03.13,17:18,8054.10000,8054.10000,8051.00000,8052.10000,17
2018.03.13,17:19,8052.20000,8059.50000,8052.20000,8054.40000,43
2018.03.13,17:20,8054.40000,8054.40000,8035.20000,8035.30000,24
2018.03.13,17:21,8035.30000,8047.50000,8035.10000,8041.20000,43
2018.03.13,17:22,8041.30000,8043.30000,8041.30000,8042.50000,27
2018.03.13,17:23,8037.40000,8043.30000,8036.00000,8039.00000,37
2018.03.13,17:24,8036.00000,8041.00000,8031.00000,8031.10000,28
2018.03.13,17:25,8031.00000,8031.00000,8029.40000,8030.00000,24
2018.03.13,17:26,8030.00000,8042.40000,8029.60000,8036.10000,43
2018.03.13,17:27,8036.80000,8039.90000,8036.00000,8036.40000,37
2018.03.13,17:28,8036.80000,8037.50000,8036.20000,8037.40000,31
2018.03.13,17:29,8037.40000,8037.50000,8036.00000,8036.00000,16
2018.03.13,17:30,8033.90000,8033.90000,8030.00000,8030.00000,10
2018.03.13,17:31,8030.00000,8030.00000,8014.00000,8014.10000,37
2018.03.13,17:32,8011.30000,8030.10000,8011.00000,8030.10000,48
2018.03.13,17:33,8035.70000,8048.30000,8035.70000,8048.30000,40
2018.03.13,17:34,8048.20000,8048.30000,8041.30000,8042.30000,41
2018.03.13,17:35,8043.40000,8052.50000,8042.30000,8050.40000,42
2018.03.13,17:36,8050.10000,8058.50000,8050.10000,8056.30000,57
2018.03.13,17:37,8056.50000,8063.40000,8056.50000,8057.00000,39
2018.03.13,17:38,8056.70000,8059.00000,8053.80000,8054.70000,30
2018.03.13,17:39,8054.70000,8060.80000,8054.40000,8060.80000,20
2018.03.13,17:40,8060.80000,8066.40000,8060.80000,8064.60000,44
2018.03.13,17:41,8064.70000,8064.80000,8058.00000,8061.90000,32
2018.03.13,17:42,8061.10000,8075.90000,8061.00000,8062.90000,31
2018.03.13,17:43,8068.00000,8084.90000,8062.90000,8082.50000,36
2018.03.13,17:44,8082.50000,8082.50000,8082.50000,8082.50000,4
2018.03.13,17:45,8082.50000,8086.80000,8082.50000,8086.80000,30
2018.03.13,17:46,8081.70000,8081.70000,8070.20000,8070.80000,30
2018.03.13,17:47,8070.80000,8081.80000,8070.80000,8081.80000,37
2018.03.13,17:48,8081.80000,8082.30000,8081.80000,8082.30000,6
2018.03.13,17:49,8082.30000,8083.70000,8082.30000,8082.60000,8
2018.03.13,17:50,8082.60000,8088.50000,8082.60000,8086.10000,33
2018.03.13,17:51,8086.50000,8087.00000,8079.00000,8079.00000,28
2018.03.13,17:52,8079.00000,8079.30000,8069.20000,8079.30000,31
2018.03.13,17:53,8079.40000,8081.60000,8079.20000,8079.40000,19
2018.03.13,17:54,8079.30000,8082.30000,8079.20000,8082.10000,22
2018.03.13,17:55,8082.10000,8094.50000,8079.20000,8079.20000,29
2018.03.13,17:56,8079.20000,8087.50000,8079.20000,8086.30000,42
2018.03.13,17:57,8085.40000,8085.40000,8074.20000,8079.00000,23
2018.03.13,17:58,8077.50000,8077.50000,8071.00000,8073.50000,24
2018.03.13,17:59,8073.20000,8074.10000,8071.40000,8073.30000,31
2018.03.13,18:00,8071.00000,8071.10000,8071.00000,8071.00000,27
2018.03.13,18:01,8071.00000,8071.10000,8061.00000,8061.00000,36
2018.03.13,18:02,8062.00000,8064.00000,8061.00000,8061.10000,34
2018.03.13,18:03,8061.10000,8064.10000,8061.00000,8063.00000,27
2018.03.13,18:04,8061.40000,8063.00000,8061.00000,8061.40000,38
2018.03.13,18:05,8061.00000,8061.00000,8055.90000,8061.00000,14
2018.03.13,18:06,8061.00000,8061.00000,8061.00000,8061.00000,5
2018.03.13,18:07,8061.00000,8065.40000,8054.60000,8058.90000,41
2018.03.13,18:08,8065.40000,8065.40000,8054.50000,8060.50000,54
2018.03.13,18:09,8060.10000,8065.50000,8054.00000,8056.80000,30
2018.03.13,18:10,8050.90000,8057.40000,8050.90000,8053.00000,34
2018.03.13,18:11,8053.00000,8053.70000,8048.50000,8048.70000,32
2018.03.13,18:12,8048.70000,8049.00000,8036.90000,8041.20000,45
2018.03.13,18:13,8046.90000,8046.90000,8041.20000,8043.00000,18
2018.03.13,18:14,8043.10000,8043.30000,8043.00000,8043.30000,26
2018.03.13,18:15,8043.30000,8046.10000,8039.00000,8039.20000,20
2018.03.13,18:16,8039.10000,8044.80000,8039.10000,8044.80000,34
2018.03.13,18:17,8044.80000,8044.80000,8042.90000,8043.50000,43
2018.03.13,18:18,8043.50000,8055.20000,8043.50000,8055.20000,27
2018.03.13,18:19,8055.30000,8057.00000,8055.30000,8057.00000,29
2018.03.13,18:20,8057.10000,8068.30000,8057.10000,8060.30000,41
2018.03.13,18:21,8060.30000,8074.20000,8060.30000,8073.00000,33
2018.03.13,18:22,8068.30000,8068.30000,8060.00000,8060.00000,17
2018.03.13,18:23,8060.10000,8060.40000,8057.20000,8057.30000,17
2018.03.13,18:24,8057.30000,8057.80000,8057.30000,8057.80000,16
2018.03.13,18:25,8057.80000,8065.90000,8057.80000,8061.80000,29
2018.03.13,18:26,8061.90000,8062.20000,8061.80000,8062.20000,27
2018.03.13,18:27,8062.20000,8064.20000,8061.70000,8064.20000,29
2018.03.13,18:28,8064.20000,8064.60000,8064.10000,8064.10000,21
2018.03.13,18:29,8064.10000,8067.00000,8064.10000,8066.80000,27
2018.03.13,18:30,8066.90000,8067.30000,8066.80000,8067.20000,31
2018.03.13,18:31,8066.80000,8076.00000,8066.80000,8076.00000,24
2018.03.13,18:32,8076.00000,8076.20000,8076.00000,8076.20000,3
2018.03.13,18:33,8076.20000,8084.10000,8076.20000,8083.00000,16
2018.03.13,18:34,8084.10000,8085.30000,8084.10000,8084.60000,27
2018.03.13,18:35,8084.60000,8086.20000,8081.00000,8081.00000,20
2018.03.13,18:37,8077.00000,8077.00000,8069.10000,8071.10000,12
2018.03.13,18:38,8071.10000,8071.10000,8064.10000,8070.10000,34
2018.03.13,18:39,8070.70000,8070.70000,8064.10000,8067.00000,50
2018.03.13,18:40,8067.10000,8072.00000,8064.50000,8068.40000,25
2018.03.13,18:41,8068.40000,8068.40000,8068.40000,8068.40000,22
2018.03.13,18:42,8068.40000,8068.40000,8064.10000,8064.10000,15
2018.03.13,18:43,8064.10000,8064.10000,8064.10000,8064.10000,4
2018.03.13,18:44,8062.00000,8062.00000,8046.10000,8048.40000,31
2018.03.13,18:45,8048.40000,8050.50000,8048.40000,8050.50000,27
2018.03.13,18:46,8053.70000,8058.30000,8050.40000,8057.10000,28
2018.03.13,18:47,8057.10000,8060.90000,8057.10000,8060.90000,11
2018.03.13,18:48,8060.90000,8068.40000,8060.90000,8064.50000,35
2018.03.13,18:49,8063.60000,8068.00000,8063.10000,8063.10000,34
2018.03.13,18:50,8063.10000,8067.70000,8063.10000,8065.60000,30
2018.03.13,18:51,8071.00000,8071.20000,8071.00000,8071.00000,25
2018.03.13,18:52,8071.00000,8075.40000,8071.00000,8075.40000,11
2018.03.13,18:53,8075.40000,8075.40000,8075.40000,8075.40000,1
2018.03.13,18:54,8075.40000,8077.20000,8070.70000,8077.20000,33
2018.03.13,18:55,8077.30000,8077.70000,8075.40000,8075.40000,48
2018.03.13,18:56,8069.00000,8080.50000,8069.00000,8076.40000,45
2018.03.13,18:57,8076.40000,8089.40000,8076.40000,8089.40000,32
2018.03.13,18:58,8088.90000,8099.20000,8088.90000,8098.90000,31
2018.03.13,18:59,8098.90000,8099.00000,8098.80000,8098.80000,30
2018.03.13,19:00,8101.30000,8101.30000,8090.70000,8090.70000,38
2018.03.13,19:01,8090.70000,8090.70000,8080.30000,8081.50000,21
2018.03.13,19:02,8081.60000,8081.60000,8073.00000,8073.00000,31
2018.03.13,19:03,8060.60000,8071.20000,8060.60000,8071.00000,37
2018.03.13,19:04,8071.00000,8072.80000,8071.00000,8072.80000,39
2018.03.13,19:05,8072.80000,8072.80000,8067.00000,8067.50000,28
2018.03.13,19:06,8067.50000,8071.80000,8067.50000,8071.80000,27
2018.03.13,19:07,8071.90000,8075.00000,8070.40000,8074.00000,37
2018.03.13,19:08,8075.00000,8079.30000,8072.60000,8077.00000,31
2018.03.13,19:09,8076.00000,8077.00000,8073.40000,8073.40000,21
2018.03.13,19:10,8073.40000,8074.10000,8073.40000,8074.10000,29
2018.03.13,19:11,8074.10000,8077.00000,8073.40000,8073.50000,34
2018.03.13,19:12,8073.50000,8079.60000,8073.50000,8079.60000,38
2018.03.13,19:13,8079.60000,8088.40000,8076.80000,8085.00000,47
2018.03.13,19:14,8085.00000,8091.60000,8084.10000,8088.70000,41
2018.03.13,19:15,8088.70000,8088.70000,8081.20000,8085.20000,46
2018.03.13,19:16,8088.20000,8092.00000,8078.60000,8081.20000,43
2018.03.13,19:17,8082.50000,8095.50000,8082.50000,8090.60000,42
2018.03.13,19:18,8092.10000,8100.20000,8089.70000,8100.20000,35
2018.03.13,19:19,8100.20000,8109.20000,8098.60000,8109.20000,38
2018.03.13,19:20,8110.90000,8116.30000,8110.90000,8116.30000,17
2018.03.13,19:21,8117.20000,8117.20000,8102.90000,8102.90000,28
2018.03.13,19:22,8103.00000,8103.00000,8094.20000,8094.70000,31
2018.03.13,19:23,8094.70000,8095.10000,8090.30000,8091.30000,33
2018.03.13,19:24,8090.60000,8093.30000,8071.30000,8081.20000,34
2018.03.13,19:25,8073.70000,8077.60000,8061.90000,8061.90000,43
2018.03.13,19:26,8056.10000,8067.80000,8056.10000,8065.50000,38
2018.03.13,19:27,8065.50000,8068.20000,8064.00000,8067.10000,23
2018.03.13,19:28,8067.10000,8071.10000,8067.10000,8071.10000,28
2018.03.13,19:29,8071.10000,8071.10000,8052.50000,8059.50000,28
2018.03.13,19:30,8059.60000,8060.70000,8059.60000,8060.70000,14
2018.03.13,19:31,8060.70000,8060.70000,8053.30000,8059.80000,25
2018.03.13,19:32,8050.00000,8062.10000,8050.00000,8062.10000,31
2018.03.13,19:33,8061.90000,8071.30000,8061.90000,8071.30000,28
2018.03.13,19:34,8071.40000,8071.60000,8071.40000,8071.60000,8
2018.03.13,19:35,8071.50000,8071.60000,8071.50000,8071.60000,2
2018.03.13,19:36,8071.70000,8081.10000,8071.70000,8081.10000,26
2018.03.13,19:37,8081.20000,8088.90000,8081.20000,8088.90000,24
2018.03.13,19:38,8088.80000,8088.90000,8081.10000,8081.40000,14
2018.03.13,19:39,8081.10000,8081.40000,8075.50000,8077.10000,39
2018.03.13,19:40,8077.10000,8082.80000,8075.40000,8079.70000,41
2018.03.13,19:41,8080.00000,8086.20000,8079.60000,8085.60000,39
2018.03.13,19:42,8085.60000,8089.10000,8079.60000,8084.90000,32
2018.03.13,19:43,8084.90000,8087.20000,8084.90000,8085.00000,26
2018.03.13,19:44,8085.00000,8085.00000,8075.40000,8075.80000,31
2018.03.13,19:45,8075.80000,8082.10000,8075.80000,8082.10000,43
2018.03.13,19:46,8082.20000,8082.20000,8075.50000,8076.10000,32
2018.03.13,19:47,8076.20000,8076.30000,8075.40000,8075.60000,20
2018.03.13,19:48,8075.60000,8077.50000,8075.60000,8077.50000,22
2018.03.13,19:49,8080.60000,8088.50000,8077.60000,8087.40000,33
2018.03.13,19:50,8087.40000,8088.50000,8085.30000,8087.50000,21
2018.03.13,19:51,8086.30000,8088.60000,8085.50000,8085.50000,18
2018.03.13,19:52,8085.30000,8085.30000,8080.40000,8080.40000,7
2018.03.13,19:53,8080.40000,8080.40000,8073.00000,8074.10000,26
2018.03.13,19:54,8074.10000,8087.00000,8074.10000,8086.00000,26
2018.03.13,19:55,8087.00000,8088.60000,8073.90000,8085.00000,27
2018.03.13,19:56,8084.50000,8085.10000,8084.20000,8085.10000,21
2018.03.13,19:57,8085.20000,8088.60000,8085.00000,8086.20000,33
2018.03.13,19:58,8083.50000,8095.30000,8080.30000,8090.30000,44
2018.03.13,19:59,8093.20000,8093.30000,8085.70000,8087.70000,37
2018.03.13,20:00,8087.70000,8087.70000,8080.30000,8080.30000,35
2018.03.13,20:01,8080.70000,8089.90000,8080.70000,8089.90000,31
2018.03.13,20:02,8090.00000,8090.50000,8086.10000,8086.10000,38
2018.03.13,20:03,8086.10000,8086.60000,8086.00000,8086.00000,32
2018.03.13,20:04,8086.00000,8086.00000,8086.00000,8086.00000,10
2018.03.13,20:05,8080.30000,8080.60000,8072.20000,8072.20000,18
2018.03.13,20:06,8071.00000,8072.20000,8071.00000,8071.50000,29
2018.03.13,20:07,8071.30000,8071.40000,8063.00000,8063.20000,25
2018.03.13,20:08,8063.40000,8066.10000,8060.40000,8066.10000,40
2018.03.13,20:09,8066.10000,8066.10000,8061.00000,8061.00000,27
2018.03.13,20:10,8053.20000,8063.90000,8033.20000,8033.20000,44
2018.03.13,20:11,8036.00000,8040.90000,8033.20000,8039.70000,44
2018.03.13,20:12,8039.70000,8040.60000,8037.00000,8040.50000,25
2018.03.13,20:13,8040.50000,8048.70000,8040.50000,8048.70000,29
2018.03.13,20:14,8048.60000,8056.40000,8046.60000,8056.40000,31
2018.03.13,20:15,8056.40000,8058.20000,8056.40000,8056.70000,40
2018.03.13,20:16,8056.70000,8056.70000,8050.20000,8050.20000,24
2018.03.13,20:17,8041.00000,8047.80000,8041.00000,8041.00000,32
2018.03.13,20:18,8041.00000,8046.00000,8041.00000,8046.00000,19
2018.03.13,20:19,8043.50000,8056.00000,8043.50000,8047.90000,34
2018.03.13,20:20,8041.10000,8041.10000,8018.00000,8020.00000,46
2018.03.13,20:21,8020.00000,8037.50000,8018.00000,8037.50000,44
2018.03.13,20:22,8037.60000,8051.00000,8037.60000,8048.70000,33
2018.03.13,20:23,8050.70000,8052.50000,8045.20000,8052.50000,28
2018.03.13,20:24,8052.60000,8060.80000,8052.50000,8060.20000,29
2018.03.13,20:25,8058.00000,8060.50000,8052.60000,8059.70000,27
2018.03.13,20:26,8059.80000,8065.80000,8059.80000,8065.80000,35
2018.03.13,20:27,8064.30000,8081.00000,8064.30000,8081.00000,32
2018.03.13,20:28,8081.00000,8081.00000,8064.00000,8064.10000,33
2018.03.13,20:29,8076.80000,8078.40000,8071.70000,8076.50000,34
2018.03.13,20:30,8076.40000,8091.90000,8076.40000,8091.90000,43
2018.03.13,20:31,8091.90000,8117.00000,8087.30000,8115.70000,50
2018.03.13,20:32,8117.10000,8125.00000,8117.10000,8124.80000,34
2018.03.13,20:33,8126.00000,8126.00000,8087.90000,8100.90000,52
2018.03.13,20:34,8100.90000,8101.50000,8095.00000,8098.10000,53
2018.03.13,20:35,8098.10000,8098.10000,8088.00000,8097.90000,39
2018.03.13,20:36,8098.00000,8098.00000,8084.60000,8086.20000,32
2018.03.13,20:37,8089.90000,8090.00000,8075.00000,8075.00000,34
2018.03.13,20:38,8080.00000,8081.20000,8075.00000,8078.00000,28
2018.03.13,20:39,8078.00000,8078.20000,8076.50000,8076.70000,41
2018.03.13,20:40,8076.80000,8086.40000,8076.70000,8076.90000,31
2018.03.13,20:41,8078.80000,8083.80000,8076.50000,8083.80000,47
2018.03.13,20:42,8083.80000,8085.00000,8076.60000,8084.10000,34
2018.03.13,20:43,8084.30000,8084.60000,8076.50000,8077.10000,34
2018.03.13,20:44,8081.40000,8085.50000,8077.20000,8085.40000,29
2018.03.13,20:45,8085.40000,8085.40000,8076.50000,8085.30000,37
2018.03.13,20:46,8081.80000,8085.00000,8081.80000,8085.00000,7
2018.03.13,20:47,8085.10000,8096.40000,8085.00000,8096.40000,29
2018.03.13,20:48,8093.80000,8094.70000,8085.40000,8094.70000,49
2018.03.13,20:49,8090.80000,8096.70000,8090.80000,8091.20000,40
2018.03.13,20:50,8092.40000,8093.30000,8091.30000,8093.30000,27
2018.03.13,20:51,8093.30000,8093.30000,8087.30000,8087.70000,35
2018.03.13,20:52,8087.80000,8087.80000,8085.50000,8085.50000,16
2018.03.13,20:53,8085.50000,8085.50000,8077.50000,8080.40000,19
2018.03.13,20:54,8079.80000,8081.40000,8076.50000,8076.80000,45
2018.03.13,20:55,8080.70000,8083.30000,8076.80000,8079.70000,23
2018.03.13,20:56,8083.20000,8084.50000,8079.70000,8084.50000,34
2018.03.13,20:57,8082.60000,8085.20000,8079.30000,8080.40000,49
2018.03.13,20:58,8081.10000,8082.70000,8080.40000,8082.70000,35
2018.03.13,20:59,8082.70000,8088.90000,8077.20000,8081.30000,56
2018.03.13,21:00,8077.40000,8082.60000,8076.60000,8077.40000,39
2018.03.13,21:01,8077.40000,8081.30000,8076.60000,8081.30000,30
2018.03.13,21:02,8081.30000,8081.30000,8076.50000,8076.60000,27
2018.03.13,21:03,8077.70000,8077.70000,8076.50000,8076.50000,23
2018.03.13,21:04,8076.70000,8076.70000,8076.50000,8076.70000,18
2018.03.13,21:05,8076.80000,8076.80000,8076.80000,8076.80000,1
2018.03.13,21:06,8076.70000,8076.80000,8076.50000,8076.80000,4
2018.03.13,21:07,8076.50000,8076.90000,8076.50000,8076.90000,23
2018.03.13,21:08,8076.80000,8077.10000,8076.50000,8076.50000,17
2018.03.13,21:09,8076.50000,8076.60000,8076.50000,8076.50000,8
2018.03.13,21:10,8076.50000,8076.50000,8076.50000,8076.50000,9
2018.03.13,21:11,8076.50000,8076.60000,8076.50000,8076.60000,8
2018.03.13,21:12,8076.60000,8077.00000,8076.60000,8077.00000,14
2018.03.13,21:13,8077.00000,8078.00000,8076.60000,8077.00000,25
2018.03.13,21:14,8076.60000,8077.80000,8076.60000,8076.60000,36
2018.03.13,21:15,8076.60000,8078.60000,8076.60000,8078.50000,28
2018.03.13,21:16,8078.60000,8084.90000,8070.00000,8080.70000,27
2018.03.13,21:17,8080.70000,8080.70000,8069.90000,8073.50000,34
2018.03.13,21:18,8073.50000,8074.50000,8073.50000,8074.30000,30
2018.03.13,21:19,8074.30000,8077.90000,8073.60000,8077.90000,26
2018.03.13,21:20,8076.90000,8076.90000,8076.90000,8076.90000,8
2018.03.13,21:21,8071.80000,8072.50000,8069.60000,8069.60000,29
2018.03.13,21:22,8068.00000,8068.00000,8066.90000,8066.90000,12
2018.03.13,21:23,8066.90000,8066.90000,8061.20000,8061.20000,14
2018.03.13,21:24,8061.00000,8065.90000,8061.00000,8061.50000,33
2018.03.13,21:25,8061.00000,8061.00000,8053.90000,8060.10000,21
2018.03.13,21:26,8054.50000,8060.90000,8054.50000,8060.90000,11
2018.03.13,21:27,8060.90000,8061.20000,8060.90000,8061.20000,2
2018.03.13,21:28,8062.00000,8066.80000,8062.00000,8066.80000,10
2018.03.13,21:29,8066.80000,8079.20000,8066.80000,8079.20000,18
2018.03.13,21:30,8076.90000,8079.20000,8068.10000,8068.90000,34
2018.03.13,21:31,8068.90000,8073.50000,8068.90000,8073.50000,15
2018.03.13,21:32,8069.00000,8073.50000,8069.00000,8069.00000,13
2018.03.13,21:33,8069.00000,8069.20000,8069.00000,8069.10000,22
2018.03.13,21:34,8069.10000,8069.10000,8069.10000,8069.10000,14
2018.03.13,21:35,8069.00000,8069.00000,8061.00000,8061.00000,16
2018.03.13,21:36,8061.30000,8061.80000,8061.00000,8061.00000,20
2018.03.13,21:38,8052.90000,8055.50000,8052.90000,8055.50000,12
2018.03.13,21:39,8055.50000,8061.10000,8055.50000,8061.00000,33
2018.03.13,21:40,8061.00000,8061.00000,8061.00000,8061.00000,26
2018.03.13,21:41,8061.00000,8061.00000,8061.00000,8061.00000,25
2018.03.13,21:42,8057.20000,8057.20000,8048.90000,8057.20000,38
2018.03.13,21:43,8057.20000,8057.20000,8051.50000,8056.00000,17
2018.03.13,21:44,8053.10000,8061.80000,8053.00000,8061.80000,25
2018.03.13,21:45,8063.80000,8068.20000,8062.00000,8068.20000,27
2018.03.13,21:46,8066.30000,8068.90000,8064.00000,8064.00000,11
2018.03.13,21:47,8064.00000,8064.00000,8058.00000,8058.40000,23
2018.03.13,21:48,8060.90000,8068.90000,8060.90000,8068.80000,23
2018.03.13,21:49,8068.90000,8068.90000,8063.10000,8068.10000,24
2018.03.13,21:50,8068.20000,8072.00000,8068.10000,8072.00000,9
2018.03.13,21:51,8071.10000,8071.10000,8068.20000,8069.30000,20
2018.03.13,21:52,8072.80000,8072.90000,8069.30000,8072.30000,6
2018.03.13,21:53,8072.90000,8072.90000,8072.80000,8072.80000,8
2018.03.13,21:54,8072.90000,8072.90000,8072.80000,8072.90000,7
2018.03.13,21:55,8072.80000,8072.90000,8072.70000,8072.80000,19
2018.03.13,21:56,8072.90000,8077.00000,8072.90000,8075.50000,8
2018.03.13,21:57,8075.50000,8075.90000,8075.50000,8075.70000,17
2018.03.13,21:58,8075.50000,8075.70000,8074.50000,8074.50000,21
2018.03.13,21:59,8074.50000,8079.20000,8074.50000,8079.10000,26
2018.03.13,22:00,8079.20000,8080.80000,8079.20000,8080.80000,10
2018.03.13,22:01,8080.90000,8086.00000,8079.80000,8079.80000,26
2018.03.13,22:02,8079.80000,8079.80000,8071.50000,8071.50000,33
2018.03.13,22:03,8071.50000,8077.10000,8071.50000,8077.10000,31
2018.03.13,22:04,8077.10000,8077.10000,8072.50000,8073.90000,31
2018.03.13,22:05,8073.90000,8077.00000,8071.50000,8071.50000,26
2018.03.13,22:06,8071.70000,8073.30000,8071.50000,8072.10000,28
2018.03.13,22:07,8072.40000,8076.00000,8072.10000,8072.20000,24
2018.03.13,22:08,8073.20000,8075.80000,8072.20000,8073.00000,44
2018.03.13,22:09,8072.50000,8080.60000,8072.50000,8079.00000,31
2018.03.13,22:10,8079.10000,8080.90000,8079.00000,8079.20000,31
2018.03.13,22:11,8079.20000,8079.20000,8068.20000,8068.60000,28
2018.03.13,22:12,8068.70000,8070.90000,8068.60000,8070.90000,15
2018.03.13,22:15,8070.00000,8070.80000,8069.80000,8070.60000,17
2018.03.13,22:16,8070.70000,8070.90000,8069.80000,8069.80000,8
2018.03.13,22:17,8070.00000,8070.00000,8068.20000,8068.30000,30
2018.03.13,22:18,8068.30000,8068.30000,8059.00000,8060.90000,6
2018.03.13,22:19,8059.00000,8059.00000,8058.60000,8058.60000,16
2018.03.13,22:20,8058.60000,8060.50000,8058.60000,8058.60000,26
2018.03.13,22:21,8058.90000,8058.90000,8057.40000,8057.40000,9
2018.03.13,22:22,8057.50000,8058.10000,8057.40000,8057.50000,27
2018.03.13,22:23,8060.70000,8061.90000,8060.60000,8061.90000,12
2018.03.13,22:24,8050.50000,8059.50000,8050.50000,8053.50000,20
2018.03.13,22:25,8053.60000,8056.50000,8053.10000,8056.50000,25
2018.03.13,22:26,8056.50000,8056.50000,8056.50000,8056.50000,10
2018.03.13,22:27,8053.10000,8053.10000,8049.00000,8049.00000,14
2018.03.13,22:28,8048.30000,8048.30000,8030.20000,8030.90000,25
2018.03.13,22:29,8031.00000,8046.80000,8031.00000,8046.80000,29
2018.03.13,22:30,8046.80000,8046.80000,8041.00000,8041.00000,44
2018.03.13,22:31,8041.00000,8041.00000,8041.00000,8041.00000,13
2018.03.13,22:32,8041.00000,8041.00000,8038.70000,8038.70000,16
2018.03.13,22:33,8038.70000,8039.70000,8038.70000,8038.70000,28
2018.03.13,22:34,8032.20000,8038.70000,8031.50000,8035.60000,22
2018.03.13,22:35,8036.00000,8036.00000,8031.00000,8031.20000,13
2018.03.13,22:36,8031.20000,8031.20000,8021.00000,8021.00000,41
2018.03.13,22:37,8020.10000,8020.10000,7996.10000,8009.60000,49
2018.03.13,22:38,8000.70000,8037.00000,8000.70000,8035.90000,42
2018.03.13,22:39,8036.20000,8060.00000,8036.20000,8060.00000,37
2018.03.13,22:40,8050.00000,8060.00000,8049.90000,8051.40000,25
2018.03.13,22:41,8051.40000,8051.40000,8041.80000,8041.80000,9
2018.03.13,22:42,8041.80000,8041.90000,8032.20000,8035.30000,36
2018.03.13,22:43,8035.10000,8044.90000,8035.10000,8044.80000,39
2018.03.13,22:44,8044.90000,8045.60000,8039.90000,8040.10000,43
2018.03.13,22:45,8040.10000,8040.90000,8039.90000,8039.90000,37
2018.03.13,22:46,8039.90000,8041.40000,8039.90000,8041.40000,28
2018.03.13,22:47,8041.50000,8047.20000,8041.40000,8047.20000,25
2018.03.13,22:48,8047.30000,8049.20000,8047.30000,8049.00000,42
2018.03.13,22:49,8049.90000,8049.90000,8042.80000,8044.90000,46
2018.03.13,22:50,8043.00000,8050.90000,8043.00000,8049.00000,43
2018.03.13,22:51,8049.00000,8053.20000,8047.00000,8053.20000,51
2018.03.13,22:52,8051.20000,8065.70000,8051.20000,8065.70000,29
2018.03.13,22:53,8065.70000,8073.80000,8057.80000,8066.00000,32
2018.03.13,22:54,8066.00000,8066.10000,8066.00000,8066.00000,29
2018.03.13,22:55,8066.00000,8066.60000,8066.00000,8066.00000,20
2018.03.13,22:56,8066.00000,8066.00000,8057.80000,8060.00000,41
2018.03.13,22:57,8060.40000,8062.90000,8058.00000,8062.90000,38
2018.03.13,22:58,8062.90000,8064.00000,8058.00000,8058.00000,33
